t,x,y,z,qx,qy,qz,qw
1746955736.424831,-0.8806077837944031,-0.3102516531944275,0.027795063331723213,0.005646418780088425,-0.008439005352556705,0.008992288261651993,-0.9999080896377563
1746955736.4353323,-0.8806257247924805,-0.3100898563861847,0.02783692441880703,0.005195986945182085,-0.007368702441453934,0.006739658769220114,-0.9999366402626038
1746955736.4747422,-0.8806161880493164,-0.3101595640182495,0.027852846309542656,0.005211146082729101,-0.006601494736969471,0.008079937659204006,-0.999932050704956
1746955736.5246966,-0.8806233406066895,-0.3101162910461426,0.02789275348186493,0.004900764673948288,-0.005654000211507082,0.007240934297442436,-0.999945878982544
1746955736.564707,-0.8806551694869995,-0.3101373016834259,0.027852661907672882,0.005030862987041473,-0.00544458394870162,0.006555026397109032,-0.9999510645866394
1746955736.615029,-0.8806213140487671,-0.3101145029067993,0.027804812416434288,0.00528598390519619,-0.007824991829693317,0.007072043605148792,-0.9999303817749023
1746955736.6450086,-0.8806229829788208,-0.310178279876709,0.027835141867399216,0.005241899285465479,-0.007786823436617851,0.00799531489610672,-0.9999240636825562
1746955736.6851974,-0.880622148513794,-0.3101189136505127,0.027879616245627403,0.0050008175894618034,-0.005969732068479061,0.00726759759709239,-0.9999432563781738
1746955736.6949139,-0.880622148513794,-0.3101189136505127,0.027879616245627403,0.0050008175894618034,-0.005969732068479061,0.00726759759709239,-0.9999432563781738
1746955736.7149358,-0.8806288838386536,-0.31014934182167053,0.02787891961634159,0.005020422395318747,-0.0055611287243664265,0.00745820626616478,-0.9999442100524902
1746955736.724874,-0.8805967569351196,-0.31011706590652466,0.027773277834057808,0.005498688668012619,-0.009774391539394855,0.006963437423110008,-0.9999128580093384
1746955736.7450655,-0.880611002445221,-0.3101409375667572,0.027868855744600296,0.005337767768651247,-0.005864266771823168,0.0077405329793691635,-0.9999386668205261
1746955736.7850604,-0.8806272149085999,-0.3101266026496887,0.027864573523402214,0.0047618127427995205,-0.00615113228559494,0.007447671145200729,-0.9999420642852783
1746955736.8150392,-0.8806345462799072,-0.3101081848144531,0.027803050354123116,0.005147343035787344,-0.007991675287485123,0.006753094028681517,-0.999932050704956
1746955736.8450086,-0.8806224465370178,-0.3101257085800171,0.027877425774931908,0.005143892019987106,-0.006074786186218262,0.007388503756374121,-0.9999411106109619
1746955736.8750362,-0.8806305527687073,-0.3102344274520874,0.02794206142425537,0.0051420461386442184,-0.008393732830882072,0.004792653955519199,-0.9999401569366455
1746955736.905006,-0.8806370496749878,-0.31009361147880554,0.027804721146821976,0.005328829865902662,-0.007717810105532408,0.0069974325597286224,-0.9999315738677979
1746955736.9251206,-0.8806289434432983,-0.3101153075695038,0.02788369357585907,0.005015807691961527,-0.0052309283055365086,0.007189761381596327,-0.9999479055404663
1746955736.9667318,-0.8806304335594177,-0.31012794375419617,0.027868308126926422,0.005122350063174963,-0.006198495626449585,0.007321623619645834,-0.9999408721923828
1746955736.9952152,-0.8806208968162537,-0.3101140558719635,0.02789532206952572,0.00516869593411684,-0.005789596121758223,0.0076788184233009815,-0.9999403953552246
1746955737.0252042,-0.880622148513794,-0.31019914150238037,0.027788858860731125,0.005623608827590942,-0.008359943516552448,0.008384741842746735,-0.9999141693115234
1746955737.0550075,-0.8806248903274536,-0.3101310431957245,0.02783197909593582,0.005498182028532028,-0.007604196667671204,0.007257505320012569,-0.9999297261238098
1746955737.085006,-0.8806256651878357,-0.310079962015152,0.027834352105855942,0.005419659893959761,-0.007170213386416435,0.006879801861941814,-0.9999359846115112
1746955737.1149611,-0.8805850148200989,-0.3102079927921295,0.027697935700416565,0.00601558992639184,-0.011636524461209774,0.008006341755390167,-0.999882161617279
1746955737.1551964,-0.8806191086769104,-0.31008464097976685,0.027900880202651024,0.004846664145588875,-0.004913396202027798,0.007108781021088362,-0.9999510049819946
1746955737.185024,-0.8806301951408386,-0.31011274456977844,0.02789466455578804,0.005188948940485716,-0.005694670137017965,0.007199457380920649,-0.9999444484710693
1746955737.214953,-0.8806266784667969,-0.31012827157974243,0.027861954644322395,0.004918883088976145,-0.0057199387811124325,0.007232438772916794,-0.9999454021453857
1746955737.234969,-0.8806381225585938,-0.3100954592227936,0.02780541591346264,0.005174307152628899,-0.007720095571130514,0.006923993118107319,-0.9999328851699829
1746955737.2752821,-0.8806222677230835,-0.3102484941482544,0.02779187262058258,0.005742148961871862,-0.008546941913664341,0.009204688481986523,-0.9999046325683594
1746955737.3048825,-0.8806278109550476,-0.31014585494995117,0.02779443934559822,0.0055757006630301476,-0.008704817853868008,0.0074599627405405045,-0.9999188184738159
1746955737.3347905,-0.880621612071991,-0.31012994050979614,0.027876663953065872,0.005187639035284519,-0.005154682323336601,0.007414856925606728,-0.9999457597732544
1746955737.3646052,-0.8806273937225342,-0.3101033866405487,0.0278007835149765,0.0056659928523004055,-0.00836499035358429,0.007049102336168289,-0.9999241828918457
1746955737.3946085,-0.8806251287460327,-0.3100796043872833,0.027843959629535675,0.00474497489631176,-0.007127735763788223,0.006844779010862112,-0.9999399781227112
1746955737.4246886,-0.8806296586990356,-0.3101286292076111,0.02788226120173931,0.005049344152212143,-0.005524816457182169,0.0074278805404901505,-0.9999444484710693
1746955737.4646375,-0.880630373954773,-0.3101295232772827,0.027876656502485275,0.005295723211020231,-0.006145399063825607,0.007428896613419056,-0.9999395608901978
1746955737.4947436,-0.8806244134902954,-0.3101286292076111,0.02787669375538826,0.0051747956313192844,-0.005220492836087942,0.0073128193616867065,-0.9999462366104126
1746955737.524889,-0.880630612373352,-0.31018370389938354,0.02782614529132843,0.005435833241790533,-0.007357057649642229,0.007751417346298695,-0.9999281764030457
1746955737.555077,-0.8806392550468445,-0.31008535623550415,0.027842042967677116,0.005156136117875576,-0.007531026843935251,0.006940643303096294,-0.9999342560768127
1746955737.584929,-0.8806097507476807,-0.3102477788925171,0.027796780690550804,0.00568609731271863,-0.007908196188509464,0.008927468210458755,-0.9999127388000488
1746955737.7157602,-0.8805796504020691,-0.31041568517684937,0.027824534103274345,0.005558628588914871,-0.011666374281048775,0.006505356635898352,-0.9998953938484192
1746955737.7179654,-0.880625307559967,-0.31012821197509766,0.027869585901498795,0.005361102055758238,-0.006338716018944979,0.007427009288221598,-0.9999380111694336
1746955737.7248683,-0.8806023001670837,-0.310249388217926,0.027805546298623085,0.005176838953047991,-0.012706476263701916,0.004820204805582762,-0.9998942613601685
1746955737.7650392,-0.8806133270263672,-0.31008973717689514,0.027809731662273407,0.005141489207744598,-0.00804293155670166,0.006558842491358519,-0.9999330043792725
1746955737.794798,-0.8806166052818298,-0.31014081835746765,0.027857670560479164,0.005559119861572981,-0.0065987189300358295,0.007809955161064863,-0.9999323487281799
1746955737.8248336,-0.8806262016296387,-0.3100883662700653,0.027867674827575684,0.005150389391928911,-0.006540057715028524,0.006844980176538229,-0.9999419450759888
1746955737.8548968,-0.8806260824203491,-0.31019166111946106,0.02782008796930313,0.005210229195654392,-0.007902762852609158,0.007943936623632908,-0.9999237060546875
1746955737.8853812,-0.8806332349777222,-0.3101636469364166,0.027761738747358322,0.005077535752207041,-0.00948007870465517,0.007382276467978954,-0.9999150037765503
1746955737.9151716,-0.8806217908859253,-0.310181200504303,0.02782178856432438,0.005386102944612503,-0.007017915602773428,0.00785768125206232,-0.9999300241470337
1746955737.955126,-0.8805944323539734,-0.31020188331604004,0.027750616893172264,0.005973576568067074,-0.009971276856958866,0.008233879692852497,-0.9998986124992371
1746955737.9848955,-0.8806136846542358,-0.3101838231086731,0.027838420122861862,0.005175041034817696,-0.006868180353194475,0.008308522403240204,-0.9999285340309143
1746955738.014637,-0.8805948495864868,-0.31034228205680847,0.027913065627217293,0.005308454390615225,-0.009732258506119251,0.005697016604244709,-0.9999223947525024
1746955738.0345767,-0.8806247711181641,-0.310149610042572,0.027867896482348442,0.005066880024969578,-0.006860876921564341,0.007575553376227617,-0.9999349117279053
1746955738.0746448,-0.880640983581543,-0.3100922405719757,0.02784733660519123,0.005168044473975897,-0.007205382455140352,0.006717238109558821,-0.9999381899833679
1746955738.1151512,-0.880604088306427,-0.31019049882888794,0.02785482443869114,0.00537262624129653,-0.006179652642458677,0.008096662349998951,-0.9999337196350098
1746955738.1348438,-0.880618691444397,-0.31012457609176636,0.02787819877266884,0.005258604418486357,-0.006195250898599625,0.007223399356007576,-0.9999408721923828
1746955738.1650622,-0.8806243538856506,-0.3101224899291992,0.027886534109711647,0.004952415358275175,-0.0052029769867658615,0.007104622200131416,-0.9999489784240723
1746955738.1949298,-0.8806111216545105,-0.31009790301322937,0.02789405733346939,0.005389545578509569,-0.005582149606198072,0.007413648534566164,-0.999942421913147
1746955738.2249374,-0.8806235790252686,-0.310124009847641,0.027865063399076462,0.005005213897675276,-0.006594045087695122,0.007299784105271101,-0.9999390840530396
1746955738.2548087,-0.8806260824203491,-0.31013527512550354,0.02786179631948471,0.0050003407523036,-0.006080725230276585,0.0074265520088374615,-0.9999414682388306
1746955738.284894,-0.8806319236755371,-0.3101145923137665,0.027823416516184807,0.005074678920209408,-0.007960890419781208,0.006725270766764879,-0.9999328851699829
1746955738.3153143,-0.8806150555610657,-0.31010451912879944,0.027886420488357544,0.004946849308907986,-0.00605761306360364,0.007324006408452988,-0.9999426603317261
1746955738.3549476,-0.8806219100952148,-0.31019365787506104,0.02790057845413685,0.005254131741821766,-0.007041311357170343,0.006188160739839077,-0.9999423027038574
1746955738.3848248,-0.8806105852127075,-0.31020501255989075,0.027789872139692307,0.005543198902159929,-0.010914306156337261,0.0070505221374332905,-0.999900221824646
1746955738.4150884,-0.8806052803993225,-0.31012582778930664,0.027777595445513725,0.005511857569217682,-0.00871184654533863,0.007451982237398624,-0.9999191164970398
1746955738.4448643,-0.8806295394897461,-0.3101797103881836,0.027832627296447754,0.005689690820872784,-0.007459643762558699,0.007827570661902428,-0.9999253749847412
1746955738.4749136,-0.880618691444397,-0.310111939907074,0.02789466083049774,0.005319705232977867,-0.0057809678837656975,0.0072715869173407555,-0.9999427795410156
1746955738.5048568,-0.8806272149085999,-0.310140997171402,0.0278643611818552,0.005168364383280277,-0.005985626019537449,0.007605658378452063,-0.9999397993087769
1746955738.5548751,-0.8806154131889343,-0.3102414608001709,0.027841418981552124,0.005393483210355043,-0.008295728825032711,0.007583784405142069,-0.9999223351478577
1746955738.5849383,-0.8806042671203613,-0.31019163131713867,0.027857206761837006,0.005461512599140406,-0.006481788586825132,0.008214502595365047,-0.9999303221702576
1746955738.6254904,-0.8805775046348572,-0.3102462589740753,0.027887316420674324,0.005883218254894018,-0.008366873487830162,0.007327469531446695,-0.9999208450317383
1746955738.6747718,-0.8805951476097107,-0.31023335456848145,0.027824193239212036,0.005390502046793699,-0.007593902759253979,0.008758352138102055,-0.9999182820320129
1746955738.70464,-0.8806326389312744,-0.31016167998313904,0.02778329886496067,0.005276517476886511,-0.008517912589013577,0.007755490485578775,-0.9999197125434875
1746955738.734793,-0.8806196451187134,-0.31013479828834534,0.0279108677059412,0.005180128384381533,-0.006249309051781893,0.006412017624825239,-0.9999465346336365
1746955738.7648268,-0.8806291222572327,-0.3101160228252411,0.027817388996481895,0.005299504846334457,-0.0076172687113285065,0.007117412053048611,-0.9999316930770874
1746955738.7847898,-0.8806238770484924,-0.31023672223091125,0.02785857580602169,0.005345216020941734,-0.010578990913927555,0.004115821328014135,-0.9999213218688965
1746955738.795021,-0.8806238770484924,-0.31023672223091125,0.02785857580602169,0.005345216020941734,-0.010578990913927555,0.004115821328014135,-0.9999213218688965
1746955738.8050413,-0.8806142210960388,-0.3101148009300232,0.027871431782841682,0.00508858822286129,-0.005319106392562389,0.007511230185627937,-0.9999446868896484
1746955738.8249252,-0.8806251883506775,-0.3101285398006439,0.027865204960107803,0.005088578909635544,-0.005941053386777639,0.007401165086776018,-0.9999420642852783
1746955738.8548954,-0.8806230425834656,-0.3101402819156647,0.0278510432690382,0.005133854690939188,-0.005437569227069616,0.007826408371329308,-0.9999414682388306
1746955738.884923,-0.8806284666061401,-0.3102448880672455,0.02791786938905716,0.004775369539856911,-0.00810447707772255,0.004756293725222349,-0.9999444484710693
1746955738.9148145,-0.8806254267692566,-0.31015369296073914,0.027863871306180954,0.0050395457074046135,-0.0059646484442055225,0.007885797880589962,-0.999938428401947
1746955738.955119,-0.8806149959564209,-0.3100792169570923,0.027836835011839867,0.005170830059796572,-0.007013763301074505,0.006934138014912605,-0.9999380707740784
1746955738.9849966,-0.8806130886077881,-0.3102298676967621,0.027833877131342888,0.005802532192319632,-0.007717373315244913,0.008701945655047894,-0.999915599822998
1746955739.0149388,-0.8806293606758118,-0.3101043701171875,0.027787594124674797,0.004964894149452448,-0.007864019833505154,0.0068790605291724205,-0.999933123588562
1746955739.044924,-0.880608081817627,-0.31016290187835693,0.027799343690276146,0.005564266815781593,-0.00850183330476284,0.007827553898096085,-0.99991774559021
1746955739.0750022,-0.8806090950965881,-0.3101559281349182,0.027789434418082237,0.0056537301279604435,-0.008452965877950191,0.007733234670013189,-0.9999184608459473
1746955739.1048982,-0.8806265592575073,-0.3101034462451935,0.027840349823236465,0.005307966843247414,-0.006917389575392008,0.007219385355710983,-0.9999359250068665
1746955739.1249669,-0.8806259036064148,-0.3101138174533844,0.02780146710574627,0.0053530726581811905,-0.008472185581922531,0.006891145370900631,-0.9999260902404785
1746955739.165605,-0.8806156516075134,-0.3101140558719635,0.0277519803494215,0.005098027642816305,-0.009673921391367912,0.007166062481701374,-0.9999145269393921
1746955739.195123,-0.8806011080741882,-0.3101038932800293,0.027870485559105873,0.004942076746374369,-0.0058609857223927975,0.0074930074624717236,-0.9999425411224365
1746955739.2250273,-0.8806132078170776,-0.31013697385787964,0.02787756361067295,0.005275586154311895,-0.005848994012922049,0.00755813205614686,-0.9999403953552246
1746955739.2649214,-0.8806354999542236,-0.3100926876068115,0.027848264202475548,0.00543161341920495,-0.006781171075999737,0.006617483217269182,-0.9999403953552246
1746955739.2948384,-0.8806182742118835,-0.310153603553772,0.02779197506606579,0.005183577537536621,-0.008617130108177662,0.007731665391474962,-0.999919593334198
1746955739.3149188,-0.8806238770484924,-0.31021931767463684,0.027884336188435555,0.0050942739471793175,-0.00977175310254097,0.004414279013872147,-0.9999296069145203
1746955739.354951,-0.880622386932373,-0.310099333524704,0.027886999770998955,0.0050357636064291,-0.005125054623931646,0.007366734091192484,-0.9999470710754395
1746955739.3850448,-0.8806205987930298,-0.31011050939559937,0.027888985350728035,0.005050476640462875,-0.005200196523219347,0.007173147518187761,-0.9999480247497559
1746955739.4149199,-0.8806263208389282,-0.31007423996925354,0.027814865112304688,0.00514057744294405,-0.007970334030687809,0.00685065146535635,-0.9999315738677979
1746955739.4454076,-0.880623459815979,-0.3100881278514862,0.0277963075786829,0.005197702907025814,-0.007944285869598389,0.007030711974948645,-0.9999302625656128
1746955739.4750216,-0.8806354999542236,-0.3101275861263275,0.02786923199892044,0.005058510694652796,-0.005857162177562714,0.007393289357423782,-0.9999427795410156
1746955739.504756,-0.8806339502334595,-0.31012123823165894,0.027876053005456924,0.004921298008412123,-0.0053530363366007805,0.0075294203124940395,-0.9999452829360962
1746955739.5348454,-0.8806216716766357,-0.31012973189353943,0.027860824018716812,0.005312499590218067,-0.006336139515042305,0.0071794199757277966,-0.999940037727356
1746955739.574978,-0.8806164264678955,-0.3101167678833008,0.0278641190379858,0.005298283416777849,-0.00618689926341176,0.00727464072406292,-0.9999403953552246
1746955739.7251613,-0.8805965781211853,-0.31018736958503723,0.02785423770546913,0.005060469266027212,-0.0065305838361382484,0.008319837972521782,-0.9999313354492188
1746955739.7254982,-0.8806350231170654,-0.3100948929786682,0.02781624346971512,0.005503240041434765,-0.0074620116502046585,0.00680474704131484,-0.9999338388442993
1746955739.7265596,-0.8806245923042297,-0.3102135956287384,0.027899084612727165,0.005045564379543066,-0.009350350126624107,0.004153137560933828,-0.9999349117279053
1746955739.731293,-0.8806106448173523,-0.3101658523082733,0.027890006080269814,0.005314018577337265,-0.007251476403325796,0.006357387639582157,-0.9999393820762634
1746955739.7338462,-0.8806414008140564,-0.3101295828819275,0.027871962636709213,0.005326057784259319,-0.005777548532932997,0.007521422579884529,-0.9999408721923828
1746955739.735436,-0.8806261420249939,-0.3101086914539337,0.027884455397725105,0.005066719837486744,-0.005617620889097452,0.007102521602064371,-0.9999462366104126
1746955739.7446854,-0.880617082118988,-0.3101266026496887,0.027867421507835388,0.004804595373570919,-0.008379433304071426,0.005752674303948879,-0.9999368190765381
1746955739.7647038,-0.8806151747703552,-0.310183584690094,0.027817370370030403,0.005373970605432987,-0.006584297399967909,0.008112139068543911,-0.9999309778213501
1746955739.7747138,-0.8806256651878357,-0.31019920110702515,0.027869317680597305,0.0048098331317305565,-0.010928003117442131,0.0044513666070997715,-0.9999188184738159
1746955739.7946827,-0.8806289434432983,-0.31013965606689453,0.027821216732263565,0.004864049144089222,-0.009348852559924126,0.005988218821585178,-0.9999265670776367
1746955739.8150985,-0.8806313276290894,-0.3102485239505768,0.027937214821577072,0.004807900637388229,-0.008090159855782986,0.005145735573023558,-0.9999424815177917
1746955739.825133,-0.8805968165397644,-0.3102439045906067,0.0278451070189476,0.005183585453778505,-0.011134549975395203,0.0046001579612493515,-0.9999139904975891
1746955739.8350017,-0.8806233406066895,-0.3101102411746979,0.027774877846240997,0.0053614722564816475,-0.008676832541823387,0.007407991215586662,-0.9999206066131592
1746955739.855087,-0.8806122541427612,-0.3101062774658203,0.02788589708507061,0.0054427566938102245,-0.0053989579901099205,0.007307757157832384,-0.9999439716339111
1746955739.8649893,-0.8806120157241821,-0.31010475754737854,0.027902180328965187,0.0050727264024317265,-0.005635201930999756,0.007269440218806267,-0.999944806098938
1746955739.885369,-0.8806180357933044,-0.3101211190223694,0.02786586433649063,0.004935474134981632,-0.0056051588617265224,0.007359885144978762,-0.9999450445175171
1746955739.9048991,-0.8806259632110596,-0.31010866165161133,0.02782742865383625,0.005176077596843243,-0.006928097456693649,0.0068971565924584866,-0.9999388456344604
1746955739.9349556,-0.8806325793266296,-0.31023892760276794,0.027942221611738205,0.005415565799921751,-0.0077089243568480015,0.004851296544075012,-0.9999438524246216
1746955739.9750073,-0.8806136846542358,-0.31019696593284607,0.027823569253087044,0.005468437448143959,-0.007668542675673962,0.008354847319424152,-0.9999207854270935
1746955739.9950473,-0.8805767297744751,-0.310244619846344,0.027793215587735176,0.0058976877480745316,-0.008760008029639721,0.009179904125630856,-0.9999021291732788
1746955740.035018,-0.8805954456329346,-0.3103599548339844,0.02788381651043892,0.005505067761987448,-0.010819535702466965,0.006050931289792061,-0.9999080896377563
1746955740.0556672,-0.8806170225143433,-0.31016698479652405,0.027851078659296036,0.005386322271078825,-0.007150378543883562,0.008032512851059437,-0.9999276995658875
1746955740.085097,-0.880588710308075,-0.31026914715766907,0.027762675657868385,0.005530803930014372,-0.008752377703785896,0.009830040857195854,-0.9998980760574341
1746955740.12488,-0.8806247711181641,-0.31010618805885315,0.027855150401592255,0.005139821209013462,-0.0071371011435985565,0.006066045258194208,-0.9999428987503052
1746955740.155012,-0.8806152939796448,-0.31014490127563477,0.027834853157401085,0.005415565334260464,-0.0087351743131876,0.006197719369083643,-0.9999280571937561
1746955740.17549,-0.8806252479553223,-0.3101350665092468,0.027869248762726784,0.005538748111575842,-0.006176929920911789,0.007607117295265198,-0.9999366998672485
1746955740.2149098,-0.8806228041648865,-0.3101167380809784,0.027805393561720848,0.005420460365712643,-0.0072624883614480495,0.007184294052422047,-0.999933123588562
1746955740.2458036,-0.8805903196334839,-0.310188889503479,0.027864186093211174,0.005495251622051001,-0.006297937594354153,0.008380316197872162,-0.9999299645423889
1746955740.2749002,-0.8806225061416626,-0.3102125823497772,0.02779965288937092,0.0056722708977758884,-0.007998502813279629,0.008121911436319351,-0.9999189972877502
1746955740.3151562,-0.8806220293045044,-0.3100895583629608,0.027831846848130226,0.005068197380751371,-0.007381254807114601,0.006854567676782608,-0.9999364018440247
1746955740.3350933,-0.8806213736534119,-0.3101774752140045,0.027811486274003983,0.005091245751827955,-0.009359332732856274,0.0064824228174984455,-0.9999222755432129
1746955740.365482,-0.8806331753730774,-0.31021755933761597,0.027861522510647774,0.005023628007620573,-0.01023180317133665,0.00433651078492403,-0.9999256730079651
1746955740.3980355,-0.8806264400482178,-0.3101887106895447,0.027836833149194717,0.005248489789664745,-0.0070624565705657005,0.008198133669793606,-0.9999276995658875
1746955740.4246016,-0.8806191086769104,-0.31012362241744995,0.027876965701580048,0.005313504487276077,-0.005651307292282581,0.007022108417004347,-0.9999452829360962
1746955740.4646661,-0.8806200623512268,-0.31019431352615356,0.027847662568092346,0.005449314136058092,-0.007211795076727867,0.008420946076512337,-0.9999237060546875
1746955740.4947915,-0.8806123733520508,-0.3103712499141693,0.027873249724507332,0.004931412171572447,-0.010241187177598476,0.005936512257903814,-0.9999178647994995
1746955740.5251539,-0.8806238770484924,-0.31018298864364624,0.027771679684519768,0.005446847062557936,-0.009109413251280785,0.008083325810730457,-0.9999110698699951
1746955740.5565662,-0.8805978894233704,-0.31015917658805847,0.027746204286813736,0.005686365533620119,-0.009770560078322887,0.007167209405452013,-0.9999104738235474
1746955740.5856855,-0.8806115388870239,-0.3101215958595276,0.02773560956120491,0.005420316942036152,-0.01045391708612442,0.007178780157119036,-0.9999048709869385
1746955740.6149547,-0.8805996775627136,-0.310179203748703,0.02785530500113964,0.005340100731700659,-0.006442483048886061,0.007767511531710625,-0.9999348521232605
1746955740.6451333,-0.8806242346763611,-0.31014391779899597,0.02786213345825672,0.005192921496927738,-0.005778153892606497,0.0075647709891200066,-0.9999412894248962
1746955740.6951263,-0.8806064128875732,-0.310177206993103,0.027862465009093285,0.005339508876204491,-0.006283081602305174,0.008200482465326786,-0.9999324083328247
1746955740.7349434,-0.8806232213973999,-0.31011879444122314,0.02789093367755413,0.005193316377699375,-0.005691563244909048,0.007372239138931036,-0.999943196773529
1746955740.774892,-0.8806231021881104,-0.3101770877838135,0.027903353795409203,0.005131409503519535,-0.007272010203450918,0.006461878307163715,-0.9999395608901978
1746955740.7952454,-0.8806212544441223,-0.3101174831390381,0.027878785505890846,0.005124059040099382,-0.005617561750113964,0.0071752737276256084,-0.9999454021453857
1746955740.814869,-0.8806212544441223,-0.3101174831390381,0.027878785505890846,0.005124059040099382,-0.005617561750113964,0.0071752737276256084,-0.9999454021453857
1746955740.824981,-0.8806240558624268,-0.3100920021533966,0.027844581753015518,0.004980210214853287,-0.007540698628872633,0.007034089416265488,-0.9999344348907471
1746955740.8450077,-0.8806028366088867,-0.310145765542984,0.0277862548828125,0.005314433481544256,-0.008502288721501827,0.007508349604904652,-0.9999216198921204
1746955740.854966,-0.880634069442749,-0.3102416396141052,0.027860397472977638,0.005237305536866188,-0.010151339694857597,0.004853278398513794,-0.9999229907989502
1746955740.8750958,-0.8806307911872864,-0.31007179617881775,0.027847371995449066,0.00530150905251503,-0.006755622569471598,0.0069714682176709175,-0.9999388456344604
1746955740.8949656,-0.8806185722351074,-0.31014713644981384,0.027794769033789635,0.005396329797804356,-0.00912897102534771,0.007934088818728924,-0.9999123811721802
1746955740.9049795,-0.880590558052063,-0.3102169334888458,0.027805112302303314,0.005316799506545067,-0.00740032410249114,0.009193877689540386,-0.9999162554740906
1746955740.9149199,-0.8805828094482422,-0.3102627098560333,0.02781064249575138,0.005735693499445915,-0.007790920324623585,0.009584804065525532,-0.9999072551727295
1746955740.9248922,-0.880603551864624,-0.3101572096347809,0.027843397110700607,0.005230606533586979,-0.006753755267709494,0.007917270995676517,-0.9999321699142456
1746955740.9456918,-0.8806166052818298,-0.3101063072681427,0.02782699652016163,0.005238782614469528,-0.007913298904895782,0.007144677918404341,-0.9999294877052307
1746955740.9649143,-0.8806240558624268,-0.31009310483932495,0.027801556512713432,0.004961774218827486,-0.008793138898909092,0.007114133331924677,-0.9999237060546875
1746955740.9950123,-0.8806147575378418,-0.3101157546043396,0.02788022719323635,0.005410185549408197,-0.005928819067776203,0.007461736910045147,-0.9999399781227112
1746955741.0355568,-0.880618155002594,-0.3101280629634857,0.027888143435120583,0.0049432069063186646,-0.005274773575365543,0.007273979019373655,-0.9999474287033081
1746955741.0551097,-0.8806203007698059,-0.3101193904876709,0.027887845411896706,0.005148458760231733,-0.005392128136008978,0.007717386819422245,-0.999942421913147
1746955741.0848835,-0.8806225657463074,-0.3101157248020172,0.027884123846888542,0.005036941729485989,-0.005411663092672825,0.007186682894825935,-0.9999468326568604
1746955741.1148775,-0.8805915713310242,-0.3102228343486786,0.027811339125037193,0.005373988766223192,-0.007135994266718626,0.008815634064376354,-0.9999212622642517
1746955741.1451147,-0.8806247711181641,-0.3102532625198364,0.02786799520254135,0.005121422465890646,-0.010897314175963402,0.005043325014412403,-0.999914824962616
1746955741.1751885,-0.8806083798408508,-0.31008994579315186,0.027899591252207756,0.0053526367992162704,-0.0055417222902178764,0.006898994091898203,-0.9999465942382812
1746955741.204732,-0.8806242346763611,-0.31013303995132446,0.027849342674016953,0.00521183991804719,-0.007321428507566452,0.007646859623491764,-0.9999303817749023
1746955741.2549932,-0.8806142210960388,-0.3101523816585541,0.027925586327910423,0.004898616578429937,-0.0061069754883646965,0.006394725758582354,-0.9999489784240723
1746955741.275429,-0.8806199431419373,-0.31009456515312195,0.027870485559105873,0.005013217218220234,-0.0052466983906924725,0.00770693551748991,-0.9999439716339111
1746955741.304973,-0.880626380443573,-0.3101380467414856,0.027857817709445953,0.005036199931055307,-0.006558805238455534,0.00778221944347024,-0.9999355673789978
1746955741.335358,-0.880630612373352,-0.31009992957115173,0.027843518182635307,0.005136952269822359,-0.006816759239882231,0.006951643619686365,-0.9999394416809082
1746955741.3649285,-0.8806259632110596,-0.3101315498352051,0.027876239269971848,0.005005187820643187,-0.006165047641843557,0.007771303411573172,-0.9999382495880127
1746955741.3964057,-0.8806235194206238,-0.3101154863834381,0.02787001244723797,0.0049285986460745335,-0.005801116582006216,0.007403150666505098,-0.9999436140060425
1746955741.4248836,-0.8806248307228088,-0.3101440370082855,0.027834899723529816,0.004973212722688913,-0.009554332122206688,0.005985057447105646,-0.9999240636825562
1746955741.4548883,-0.8806120753288269,-0.31011444330215454,0.027893127873539925,0.005133715458214283,-0.005565114319324493,0.007332208566367626,-0.9999444484710693
1746955741.494688,-0.8806208968162537,-0.3101052939891815,0.027849093079566956,0.005084846168756485,-0.006973852403461933,0.007108232006430626,-0.9999375343322754
1746955741.524662,-0.8806262612342834,-0.31008708477020264,0.02781357429921627,0.005361586809158325,-0.008039887994527817,0.006983380764722824,-0.9999289512634277
1746955741.5588267,-0.8806398510932922,-0.31022024154663086,0.027860695496201515,0.004906120244413614,-0.010713893920183182,0.004339332226663828,-0.9999211430549622
1746955741.5866828,-0.8806422352790833,-0.31012052297592163,0.02788405865430832,0.005171332973986864,-0.005463769659399986,0.007234370335936546,-0.9999455213546753
1746955741.615931,-0.8806253671646118,-0.3101150691509247,0.027798045426607132,0.0052134376019239426,-0.007861935533583164,0.007325603161007166,-0.9999287128448486
1746955741.7498934,-0.880625307559967,-0.31011518836021423,0.027873994782567024,0.005356206092983484,-0.006002402864396572,0.007197663653641939,-0.9999417662620544
1746955741.751204,-0.8805966973304749,-0.31017524003982544,0.0278481412678957,0.0054447283037006855,-0.006886185146868229,0.008174058981239796,-0.9999281167984009
1746955741.7749152,-0.8805921077728271,-0.31017884612083435,0.027859291061758995,0.005438124295324087,-0.006378821562975645,0.008391127921640873,-0.999929666519165
1746955741.795144,-0.8806129097938538,-0.3102974593639374,0.027888907119631767,0.005475136451423168,-0.00920331571251154,0.005695739295333624,-0.9999264478683472
1746955741.8148823,-0.8805886507034302,-0.31019824743270874,0.027781696990132332,0.005621255375444889,-0.010428070090711117,0.0065389350056648254,-0.9999085068702698
1746955741.824829,-0.8805903792381287,-0.3102116882801056,0.02781994640827179,0.0054219309240579605,-0.006553029641509056,0.008768174797296524,-0.9999253749847412
1746955741.8448248,-0.8806180953979492,-0.3101479411125183,0.02784815803170204,0.00536185409873724,-0.006302638445049524,0.008077843114733696,-0.999933123588562
1746955741.8551273,-0.8806308507919312,-0.3100813925266266,0.027849851176142693,0.005272391717880964,-0.006991971284151077,0.00667919497936964,-0.9999393820762634
1746955741.8749356,-0.8806143403053284,-0.3101237714290619,0.0278871301561594,0.005245492793619633,-0.005709951743483543,0.007202408742159605,-0.9999440908432007
1746955741.886157,-0.8806326389312744,-0.31016090512275696,0.027853181585669518,0.005253999028354883,-0.008090181276202202,0.006003272719681263,-0.9999354481697083
1746955741.9049928,-0.8806246519088745,-0.3102693557739258,0.027890438213944435,0.005247465800493956,-0.009271561168134212,0.005464982241392136,-0.9999282956123352
1746955741.9148543,-0.8806180357933044,-0.31016385555267334,0.02790416218340397,0.004973284434527159,-0.006601001136004925,0.006759093143045902,-0.9999430179595947
1746955741.9345427,-0.8805947303771973,-0.3101910650730133,0.02773992344737053,0.0058936201967298985,-0.00927541870623827,0.00843377411365509,-0.9999040365219116
1746955741.9545841,-0.8806117177009583,-0.3102179765701294,0.027852769941091537,0.005375049542635679,-0.007845337502658367,0.007163998670876026,-0.9999291300773621
1746955741.9649653,-0.8806332945823669,-0.3101142346858978,0.02787892147898674,0.00518729817122221,-0.005050250794738531,0.007155211642384529,-0.999948263168335
1746955741.9948516,-0.8806338906288147,-0.31011292338371277,0.027799060568213463,0.005168439820408821,-0.008306783623993397,0.007089185528457165,-0.9999270439147949
1746955742.0348914,-0.8806231021881104,-0.310240238904953,0.027870893478393555,0.004689245950430632,-0.009487810544669628,0.004510317463427782,-0.9999338388442993
1746955742.0648186,-0.8806180953979492,-0.3101033866405487,0.027887072414159775,0.004961296450346708,-0.004810168407857418,0.007267648354172707,-0.9999496936798096
1746955742.094941,-0.8806183934211731,-0.3101201057434082,0.02783232182264328,0.0054576098918914795,-0.008018852211534977,0.007116592023521662,-0.9999276399612427
1746955742.1248496,-0.8806003928184509,-0.3102840781211853,0.02780895307660103,0.0059078047052025795,-0.007833477109670639,0.00947676319628954,-0.9999070167541504
1746955742.154873,-0.8805795907974243,-0.3102479577064514,0.027813149616122246,0.005780134815722704,-0.007357568945735693,0.00894324854016304,-0.9999162554740906
1746955742.1848636,-0.8806027173995972,-0.3101820647716522,0.02774662896990776,0.005453859455883503,-0.009872658178210258,0.007901430130004883,-0.9999052286148071
1746955742.2155347,-0.880614697933197,-0.31025567650794983,0.027942931279540062,0.004877281840890646,-0.008499211631715298,0.004321456886827946,-0.9999426603317261
1746955742.2450607,-0.8806156516075134,-0.3101605176925659,0.027787882834672928,0.005437130108475685,-0.008488276042044163,0.007883056066930294,-0.9999181032180786
1746955742.275193,-0.8806034922599792,-0.31010702252388,0.02789720520377159,0.004988221451640129,-0.005401177331805229,0.007158431224524975,-0.9999474287033081
1746955742.3048937,-0.8806219696998596,-0.3101155459880829,0.02788650430738926,0.005101233255118132,-0.005444618873298168,0.007382857147604227,-0.9999449253082275
1746955742.334922,-0.8806350827217102,-0.3101852238178253,0.027876216918230057,0.005088995210826397,-0.0069398279301822186,0.006766332313418388,-0.9999400973320007
1746955742.3749866,-0.8806247115135193,-0.31016236543655396,0.02790617197751999,0.0048993974924087524,-0.006187947001308203,0.006227097939699888,-0.9999495148658752
1746955742.3948734,-0.8806224465370178,-0.3101060688495636,0.027844887226819992,0.0052292682230472565,-0.005566753912717104,0.007813926786184311,-0.9999402761459351
1746955742.42491,-0.880609929561615,-0.310192346572876,0.027850886806845665,0.004978280980139971,-0.006550926249474287,0.008173654787242413,-0.9999327659606934
1746955742.464829,-0.8806216716766357,-0.31011343002319336,0.027880854904651642,0.00536009669303894,-0.00543042179197073,0.007139129564166069,-0.9999454021453857
1746955742.4948845,-0.8806244730949402,-0.3100872039794922,0.027805374935269356,0.005447672214359045,-0.007404583506286144,0.007112171035259962,-0.9999325275421143
1746955742.5248203,-0.8806017637252808,-0.31011390686035156,0.02777840569615364,0.005161991808563471,-0.009081166237592697,0.00707045616582036,-0.9999204874038696
1746955742.5551937,-0.8806111216545105,-0.3102072477340698,0.027746550738811493,0.0057527124881744385,-0.009615935385227203,0.008118734695017338,-0.9999042749404907
1746955742.585231,-0.8806197643280029,-0.3101382255554199,0.02787395752966404,0.00497285183519125,-0.005537400487810373,0.0073529621586203575,-0.9999452829360962
1746955742.6148496,-0.8806214928627014,-0.3101077079772949,0.027898920699954033,0.005101103335618973,-0.005300648510456085,0.007043337449431419,-0.9999481439590454
1746955742.6448205,-0.8806195259094238,-0.3101152777671814,0.027879416942596436,0.005174977704882622,-0.0058984640054404736,0.007799618877470493,-0.9999388456344604
1746955742.6746926,-0.8806208372116089,-0.3101143538951874,0.027880826964974403,0.005018746480345726,-0.00796437542885542,0.00599675951525569,-0.9999377727508545
1746955742.7055266,-0.8806334733963013,-0.3101156949996948,0.027847349643707275,0.00537799671292305,-0.0059013026766479015,0.007501576095819473,-0.9999399781227112
1746955742.7351818,-0.8806067705154419,-0.31013891100883484,0.027861788868904114,0.005314243026077747,-0.006252668797969818,0.007940615527331829,-0.9999347925186157
1746955742.7549162,-0.8806095123291016,-0.31011173129081726,0.02787618897855282,0.005042641889303923,-0.006088418420404196,0.007451186887919903,-0.9999409914016724
1746955742.7653995,-0.8806107640266418,-0.3102704882621765,0.02792324870824814,0.005599380005151033,-0.008997607976198196,0.005406829994171858,-0.9999292492866516
1746955742.7848694,-0.8806257247924805,-0.31023624539375305,0.02789718471467495,0.005115770734846592,-0.010435797274112701,0.004417532589286566,-0.9999226927757263
1746955742.8148787,-0.8806249499320984,-0.31008294224739075,0.027829494327306747,0.00571165606379509,-0.007538285106420517,0.007018461357802153,-0.9999306201934814
1746955742.8249042,-0.880618691444397,-0.31021592020988464,0.027861569076776505,0.005270272959023714,-0.01083486620336771,0.00502707390114665,-0.999914824962616
1746955742.8350992,-0.8806226849555969,-0.31009384989738464,0.027807170525193214,0.004946689587086439,-0.007975656539201736,0.007382272742688656,-0.9999287724494934
1746955742.8552136,-0.8806368708610535,-0.3101160228252411,0.027822379022836685,0.005095910746604204,-0.00792638212442398,0.007364586926996708,-0.9999284744262695
1746955742.8748927,-0.8806010484695435,-0.3101421892642975,0.02779500000178814,0.005040585994720459,-0.008716423995792866,0.007565900683403015,-0.9999207258224487
1746955742.8949401,-0.8805741667747498,-0.31027135252952576,0.02769675850868225,0.0055735171772539616,-0.012621650472283363,0.009816011413931847,-0.99985671043396
1746955742.9051278,-0.8806061148643494,-0.3103834390640259,0.027687134221196175,0.006211381405591965,-0.01230471208691597,0.01102408580482006,-0.9998443126678467
1746955742.9148471,-0.8806061148643494,-0.3103834390640259,0.027687134221196175,0.006211381405591965,-0.01230471208691597,0.01102408580482006,-0.9998443126678467
1746955742.9348464,-0.8805699348449707,-0.3103434443473816,0.02775081992149353,0.0055348738096654415,-0.011675694026052952,0.011138896457850933,-0.999854564666748
1746955742.9549625,-0.8806251287460327,-0.31019940972328186,0.027716495096683502,0.0059997993521392345,-0.011129388585686684,0.010137415491044521,-0.9998687505722046
1746955742.9650435,-0.8806936144828796,-0.31010231375694275,0.027789993211627007,0.00569497374817729,-0.009439142420887947,0.010179832577705383,-0.9998874068260193
1746955743.005295,-0.8808972835540771,-0.30959340929985046,0.027946971356868744,0.004266782663762569,-0.004292620345950127,0.008503878489136696,-0.9999455213546753
1746955743.0256178,-0.8809782266616821,-0.30948734283447266,0.027994640171527863,0.000616910750977695,-0.002766743768006563,0.00840938463807106,-0.9999606013298035
1746955743.0549114,-0.8810158371925354,-0.309261679649353,0.0279272198677063,0.002074392745271325,-0.0034516947343945503,0.0050703538581728935,-0.9999790191650391
1746955743.0950444,-0.8811755776405334,-0.3084717094898224,0.02807324379682541,0.009375758469104767,-0.0020243662875145674,0.0031445357017219067,-0.9999490976333618
1746955743.124942,-0.8813071846961975,-0.3079339563846588,0.02791997417807579,0.007112661376595497,-0.0031228295993059874,0.004032272379845381,-0.9999617338180542
1746955743.1549666,-0.8813833594322205,-0.3074641823768616,0.027942782267928123,0.012814081273972988,-0.0031798777636140585,0.004465015139430761,-0.9999029636383057
1746955743.1850235,-0.8814296126365662,-0.30682769417762756,0.028270769864320755,0.013131001964211464,-0.01076602190732956,0.007297396659851074,-0.9998292326927185
1746955743.2050145,-0.8816556334495544,-0.306405633687973,0.027996979653835297,0.015202173963189125,-0.009682927280664444,0.007185078226029873,-0.9998117685317993
1746955743.2448654,-0.8819084167480469,-0.3056904673576355,0.02795700542628765,0.013853595592081547,-0.010823244228959084,0.007255147211253643,-0.9998190999031067
1746955743.2750978,-0.8822107911109924,-0.3045966625213623,0.02801208756864071,0.007865086197853088,-0.0033189686946570873,0.0043410370126366615,-0.9999541640281677
1746955743.304678,-0.8822897672653198,-0.3039751648902893,0.0279487743973732,0.011968633159995079,-0.00369293917901814,0.0025991296861320734,-0.9999181628227234
1746955743.3346324,-0.8827574253082275,-0.30366969108581543,0.02812526375055313,0.010845695622265339,-0.0005432420293800533,0.002699419390410185,-0.9999374151229858
1746955743.364594,-0.8831093311309814,-0.3034566640853882,0.028186634182929993,0.013036137446761131,-0.0021780377719551325,0.00483917398378253,-0.9999009370803833
1746955743.4075592,-0.8836396336555481,-0.3033280074596405,0.028287814930081367,0.0097592668607831,0.004382686223834753,0.0049333530478179455,-0.9999306797981262
1746955743.4345949,-0.8839947581291199,-0.3030577301979065,0.028212416917085648,0.009599472396075726,-0.001553771086037159,0.006186543498188257,-0.999933660030365
1746955743.4646332,-0.8845031261444092,-0.30286023020744324,0.028066718950867653,0.006357443984597921,-0.00481418939307332,0.008237699046730995,-0.9999343156814575
1746955743.4848108,-0.8850753903388977,-0.3027535676956177,0.02801348827779293,0.004893359262496233,-0.0033673543948680162,0.009212741628289223,-0.9999399185180664
1746955743.5250292,-0.8857190608978271,-0.30236417055130005,0.028286397457122803,0.005905693396925926,-0.00565938139334321,0.009500732645392418,-0.999921441078186
1746955743.5450675,-0.8864150643348694,-0.30198895931243896,0.028284704312682152,0.0034050021786242723,-0.00802990235388279,0.013293677009642124,-0.9998736381530762
1746955743.5848598,-0.8871450424194336,-0.3020572066307068,0.028117457404732704,0.00666557252407074,-0.004271968267858028,0.00978477019816637,-0.9999207854270935
1746955743.604841,-0.8875242471694946,-0.3019319176673889,0.028194235637784004,0.006441695149987936,-0.002627345733344555,0.008233469910919666,-0.9999419450759888
1746955743.6250002,-0.8880167007446289,-0.30182531476020813,0.02821795456111431,0.01080677192658186,-0.004333105869591236,0.005526668857783079,-0.9999170303344727
1746955743.7648952,-0.8890773057937622,-0.30158689618110657,0.028162898495793343,0.011026239022612572,-0.004499020986258984,0.007779986131936312,-0.9998989105224609
1746955743.765349,-0.8919627666473389,-0.3007700443267822,0.02876092679798603,0.005228015128523111,-0.008519206196069717,0.014674756675958633,-0.9998424053192139
1746955743.804986,-0.8941671252250671,-0.3006618916988373,0.028838295489549637,0.013132316991686821,0.010171106085181236,0.013207025825977325,-0.9997748136520386
1746955743.8249764,-0.894883930683136,-0.30053165555000305,0.029055841267108917,0.013325299136340618,0.009413865394890308,0.015786197036504745,-0.999742329120636
1746955743.844849,-0.8953167796134949,-0.30036890506744385,0.029077012091875076,0.012400084175169468,0.0078069246374070644,0.015692608430981636,-0.9997695684432983
1746955743.854827,-0.8966990113258362,-0.30031463503837585,0.02950531244277954,0.004267429932951927,0.004190463572740555,0.015207529999315739,-0.9998665452003479
1746955743.8748982,-0.8977060914039612,-0.3005588948726654,0.029628688469529152,-0.0012667170958593488,0.006048643030226231,0.016728101298213005,-0.9998409748077393
1746955743.8848388,-0.8988677263259888,-0.30041611194610596,0.02980804070830345,0.0007392345578409731,0.009113620035350323,0.011180921457707882,-0.9998957514762878
1746955743.905147,-0.9007355570793152,-0.30030983686447144,0.030620787292718887,0.007648148108273745,0.01846003346145153,0.012279678136110306,-0.9997249841690063
1746955743.924844,-0.9007355570793152,-0.30030983686447144,0.030620787292718887,0.007648148108273745,0.01846003346145153,0.012279678136110306,-0.9997249841690063
1746955743.9348664,-0.9019922018051147,-0.3001245856285095,0.0313965305685997,0.013402145355939865,0.006205395329743624,0.012003952637314796,-0.9998188614845276
1746955743.9450557,-0.9030585885047913,-0.3002147674560547,0.032058246433734894,0.009020330384373665,-0.0013064432423561811,0.01809314452111721,-0.9997948408126831
1746955743.9649103,-0.9044581055641174,-0.3002040386199951,0.03287608548998833,0.005808998364955187,0.0021867649629712105,0.011398491449654102,-0.9999158382415771
1746955743.9749298,-0.905780553817749,-0.3004845380783081,0.03362702950835228,0.0016143074026331306,-0.002298236358910799,0.010520124807953835,-0.9999406933784485
1746955743.9948885,-0.9074974060058594,-0.30039268732070923,0.03430957719683647,-0.0010482600191608071,-0.013177482411265373,0.014768578112125397,-0.9998035430908203
1746955744.0149095,-0.9094850420951843,-0.300613671541214,0.03569364175200462,0.00036557100247591734,-0.0070808762684464455,0.010517090559005737,-0.9999195337295532
1746955744.0351906,-0.9108349084854126,-0.3008512854576111,0.03671232983469963,0.004246400203555822,-0.0051247356459498405,0.011910667642951012,-0.9999068975448608
1746955744.0655074,-0.9127678871154785,-0.30082860589027405,0.038494039326906204,0.006834978703409433,-0.014696800149977207,0.014512047171592712,-0.9997633099555969
1746955744.094993,-0.915087878704071,-0.30138927698135376,0.03968556597828865,0.0016391656827181578,-0.010039618238806725,0.010000632144510746,-0.9998983144760132
1746955744.1148822,-0.9174628257751465,-0.30217984318733215,0.04157744348049164,0.01034457329660654,-0.019448334351181984,0.014471675269305706,-0.999652624130249
1746955744.1549108,-0.9191881418228149,-0.30239585041999817,0.04379194229841232,0.005981293972581625,-0.02148403786122799,0.012708179652690887,-0.9996705651283264
1746955744.1849372,-0.9222539663314819,-0.3035403788089752,0.046369243413209915,0.004293001256883144,-0.024441106244921684,0.017165418714284897,-0.9995446801185608
1746955744.215002,-0.9240634441375732,-0.3039214313030243,0.04906962439417839,0.007788375951349735,-0.016565799713134766,0.009068150073289871,-0.9997913241386414
1746955744.2450082,-0.9252166152000427,-0.3044974207878113,0.051148463040590286,0.010690801776945591,-0.03155236691236496,0.010776892304420471,-0.9993868470191956
1746955744.2749944,-0.9265841841697693,-0.3053433299064636,0.05367335304617882,0.008454115130007267,-0.037591878324747086,0.016008034348487854,-0.9991292357444763
1746955744.3048038,-0.927663266658783,-0.30597031116485596,0.05535450950264931,0.008286694996058941,-0.026441538706421852,0.011503268033266068,-0.9995498657226562
1746955744.3347573,-0.9279405474662781,-0.3065181076526642,0.05805210396647453,0.01597577892243862,-0.031341589987277985,0.014604274183511734,-0.9992743134498596
1746955744.374873,-0.9284589886665344,-0.30735471844673157,0.060295481234788895,0.01021505519747734,-0.03180244565010071,0.017949620261788368,-0.9992808103561401
1746955744.4048812,-0.9282239079475403,-0.30807173252105713,0.061932504177093506,0.00954678189009428,-0.02897176705300808,0.019656287506222725,-0.9993414282798767
1746955744.4349036,-0.9275149703025818,-0.30851900577545166,0.06416553258895874,0.006057254038751125,-0.02055094949901104,0.014168676920235157,-0.9996700286865234
1746955744.4648137,-0.9271482229232788,-0.30910199880599976,0.06555869430303574,0.016368040814995766,-0.02847118303179741,0.012175606563687325,-0.9993864297866821
1746955744.4948938,-0.926380455493927,-0.30999383330345154,0.06715194880962372,0.015280555002391338,-0.025892652571201324,0.015701645985245705,-0.9994246363639832
1746955744.5252526,-0.9249127507209778,-0.3103588819503784,0.06902555376291275,0.00772846769541502,-0.01963556557893753,0.02034931071102619,-0.9995702505111694
1746955744.544904,-0.9237629175186157,-0.3109041452407837,0.07010232657194138,0.01351606659591198,-0.013792162761092186,0.013127126730978489,-0.9997274279594421
1746955744.5948248,-0.9225121736526489,-0.3117683231830597,0.071573406457901,0.0111634386703372,-0.01479120273143053,0.01620103232562542,-0.9996970891952515
1746955744.6149473,-0.9207314252853394,-0.3123997151851654,0.07316599786281586,0.01703530177474022,-0.01874285191297531,0.017001807689666748,-0.9995346069335938
1746955744.6455042,-0.9196306467056274,-0.3128461539745331,0.07430413365364075,0.015276054851710796,-0.02113736793398857,0.016706177964806557,-0.9995203018188477
1746955744.6746497,-0.9175370335578918,-0.31366458535194397,0.07621632516384125,0.0044628106988966465,-0.014122569002211094,0.016003428027033806,-0.999762237071991
1746955744.7048917,-0.9163198471069336,-0.313982218503952,0.07727128267288208,0.011365504935383797,-0.01105821505188942,0.014432269148528576,-0.9997701644897461
1746955744.7351637,-0.9149354100227356,-0.31455057859420776,0.07854805141687393,0.014031062833964825,-0.004679858218878508,0.017369592562317848,-0.9997397661209106
1746955744.744904,-0.9139929413795471,-0.31494027376174927,0.07928179949522018,0.020929008722305298,-0.005249863024801016,0.013798519037663937,-0.9996719360351562
1746955744.7650344,-0.9133015871047974,-0.3154332935810089,0.08009699732065201,0.019399719312787056,-0.004456693772226572,0.014647549949586391,-0.9996945858001709
1746955744.7751772,-0.9119805693626404,-0.31549084186553955,0.08133094012737274,0.022265614941716194,-0.004623240791261196,0.015312531031668186,-0.9996241927146912
1746955744.794921,-0.9111697673797607,-0.3157181441783905,0.08232951164245605,0.015237734653055668,-0.0017727429512888193,0.015759719535708427,-0.9997581839561462
1746955744.8150094,-0.9105094075202942,-0.31603217124938965,0.08311834931373596,0.011136502027511597,-0.001201795181259513,0.0158463716506958,-0.9998117089271545
1746955744.8248587,-0.9101368188858032,-0.31618836522102356,0.08349180221557617,0.010693352669477463,-0.00040149633423425257,0.014158041216433048,-0.9998425841331482
1746955744.8451686,-0.9092124700546265,-0.3167276382446289,0.08417131006717682,0.006106458138674498,-0.005951226688921452,0.006377591751515865,-0.9999433755874634
1746955744.8549542,-0.9083961844444275,-0.31699448823928833,0.08494523167610168,0.0017030240269377828,-0.005994932726025581,0.006522823590785265,-0.9999593496322632
1746955744.8753633,-0.9078930616378784,-0.3175097703933716,0.08603350818157196,0.009603948332369328,-0.006994978524744511,0.00834311731159687,-0.9998946785926819
1746955744.8849993,-0.9072457551956177,-0.3177337944507599,0.08697906136512756,0.01747955195605755,-0.00811153557151556,0.008361541666090488,-0.9997793436050415
1746955744.904984,-0.9065136313438416,-0.3180120289325714,0.08792703598737717,0.01818927749991417,-0.004287565592676401,0.010182537138462067,-0.9997735023498535
1746955744.9250548,-0.9053820371627808,-0.31796714663505554,0.0895833969116211,0.014060401357710361,0.0017064922722056508,0.015208753757178783,-0.9997840523719788
1746955744.9548867,-0.9045197367668152,-0.3184439539909363,0.09090841561555862,0.015887467190623283,-0.002513381652534008,0.010225255973637104,-0.9998183846473694
1746955744.9851456,-0.903642475605011,-0.3193002939224243,0.09280484169721603,0.015286562964320183,-0.006698647979646921,0.010067318566143513,-0.9998100996017456
1746955745.0148118,-0.9029974341392517,-0.3194906711578369,0.09433099627494812,0.0090335076674819,-0.010705821216106415,0.009639305993914604,-0.9998555183410645
1746955745.0649004,-0.9020053744316101,-0.3202655613422394,0.09753596037626266,0.0076280138455331326,-0.008764509111642838,0.010354084894061089,-0.9998789429664612
1746955745.0952215,-0.9017706513404846,-0.3207223415374756,0.09905782341957092,0.011298942379653454,-0.008849981240928173,0.009694145992398262,-0.9998500943183899
1746955745.1276348,-0.9013163447380066,-0.32142069935798645,0.1008329838514328,0.012348885647952557,-0.00241509429179132,0.010574271902441978,-0.999864935874939
1746955745.1549027,-0.9012022018432617,-0.32163357734680176,0.10238874703645706,0.014504365622997284,-0.010597026906907558,0.015825046226382256,-0.9997134804725647
1746955745.1850767,-0.9011827707290649,-0.32209476828575134,0.10371504724025726,0.011958615854382515,-0.016315383836627007,0.015086108818650246,-0.9996815919876099
1746955745.2153718,-0.9012685418128967,-0.3226274251937866,0.10550221055746078,0.006559770088642836,-0.005890113767236471,0.01620614528656006,-0.999829888343811
1746955745.2448545,-0.9011339545249939,-0.3229864835739136,0.10723623633384705,0.01943507231771946,-0.009185433387756348,0.019034968689084053,-0.9995877146720886
1746955745.2750137,-0.9012385606765747,-0.32335931062698364,0.10937854647636414,0.016663068905472755,-0.013749394565820694,0.02298075705766678,-0.9995025396347046
1746955745.3148797,-0.9013578295707703,-0.3237614333629608,0.11109250038862228,0.015177520923316479,-0.005361291114240885,0.020609352737665176,-0.9996579885482788
1746955745.3449712,-0.9016976952552795,-0.3243064880371094,0.11269152164459229,0.013677725568413734,-0.014116236940026283,0.023462265729904175,-0.9995314478874207
1746955745.364925,-0.9017292857170105,-0.3246103525161743,0.11355098336935043,0.0161285437643528,-0.01974719762802124,0.027899688109755516,-0.9992855787277222
1746955745.3948786,-0.9015315771102905,-0.32455873489379883,0.11631893366575241,0.01297320332378149,-0.015696080401539803,0.02020690217614174,-0.9995884299278259
1746955745.4348927,-0.9017571806907654,-0.32474708557128906,0.11733236163854599,0.010007780976593494,-0.012403474189341068,0.019915761426091194,-0.9996746778488159
1746955745.4648767,-0.9019591212272644,-0.32525619864463806,0.11950293928384781,0.01081317849457264,-0.018862111493945122,0.023612195625901222,-0.9994847774505615
1746955745.4956412,-0.9018199443817139,-0.32535436749458313,0.12191510200500488,0.012301352806389332,-0.019107729196548462,0.02803543023765087,-0.9993485808372498
1746955745.5248291,-0.9017155766487122,-0.3253054618835449,0.12387776374816895,0.010486557148396969,-0.011399952694773674,0.01845531165599823,-0.9997097253799438
1746955745.554927,-0.9016924500465393,-0.3254797160625458,0.12479621171951294,0.015292271040380001,-0.012427620589733124,0.02096015401184559,-0.9995861053466797
1746955745.5848844,-0.9012395143508911,-0.3254232108592987,0.12766487896442413,0.012647371739149094,-0.02646300010383129,0.03148622065782547,-0.9990738034248352
1746955745.6250398,-0.9005301594734192,-0.32519733905792236,0.12992949783802032,0.011236716993153095,-0.021411918103694916,0.023444266989827156,-0.9994327425956726
1746955745.6449966,-0.89999920129776,-0.3251717686653137,0.13130560517311096,0.016832152381539345,-0.01861899346113205,0.02113259956240654,-0.9994615912437439
1746955745.6751037,-0.8994764089584351,-0.32517093420028687,0.13301867246627808,0.015310762450098991,-0.021256428211927414,0.027604706585407257,-0.9992755651473999
1746955745.8085837,-0.8986513614654541,-0.3250516951084137,0.1351672261953354,0.013749707490205765,-0.013239572755992413,0.0245357695966959,-0.9995167851448059
1746955745.809167,-0.8974510431289673,-0.32495540380477905,0.13767123222351074,0.01574042998254299,-0.015749026089906693,0.02284320443868637,-0.9994910955429077
1746955745.8102844,-0.8968047499656677,-0.32496362924575806,0.13879799842834473,0.020583372563123703,-0.01918223313987255,0.02463105134665966,-0.9993005990982056
1746955745.81196,-0.896132230758667,-0.3248384892940521,0.13993249833583832,0.014580631628632545,-0.018219849094748497,0.02606233023107052,-0.9993879795074463
1746955745.8144383,-0.8951722383499146,-0.32461825013160706,0.14153841137886047,0.013932334259152412,-0.015675446018576622,0.02106967382133007,-0.9995580315589905
1746955745.83496,-0.8942942023277283,-0.3245287239551544,0.14305731654167175,0.017235761508345604,-0.021123602986335754,0.021325765177607536,-0.9994008541107178
1746955745.8649771,-0.892747163772583,-0.32389962673187256,0.145415261387825,0.009267972782254219,-0.011633574031293392,0.024213626980781555,-0.9995961785316467
1746955745.8951159,-0.8916299343109131,-0.3238546550273895,0.14752721786499023,0.005495438817888498,-0.009850985370576382,0.02178001031279564,-0.9996991753578186
1746955745.9448857,-0.8893571496009827,-0.3233419358730316,0.1511637270450592,0.009809255599975586,-0.0137806236743927,0.022923588752746582,-0.9995941519737244
1746955745.9851084,-0.8871851563453674,-0.32302945852279663,0.15443675220012665,0.007044963072985411,-0.009051453322172165,0.023517819121479988,-0.9996576309204102
1746955746.0249765,-0.8859817385673523,-0.3229622542858124,0.1568581461906433,0.010585912503302097,-0.009520634077489376,0.02358103357255459,-0.9996205568313599
1746955746.064852,-0.8838142156600952,-0.3226950168609619,0.16047954559326172,0.013627221807837486,-0.009301124140620232,0.022479072213172913,-0.9996111392974854
1746955746.1150053,-0.8817629814147949,-0.322531521320343,0.16462139785289764,0.010470177978277206,-0.01034912746399641,0.019679561257362366,-0.9996979236602783
1746955746.155665,-0.8801619410514832,-0.32238420844078064,0.16821160912513733,0.010410967282950878,-0.002968791639432311,0.019919641315937042,-0.9997430443763733
1746955746.1849372,-0.8789269924163818,-0.32222220301628113,0.1708247810602188,0.006154580041766167,-0.0060020689852535725,0.01903148926794529,-0.9997819662094116
1746955746.2150772,-0.8775069713592529,-0.32227465510368347,0.17383678257465363,0.011774116195738316,-0.007927589118480682,0.02042165771126747,-0.9996906518936157
1746955746.2549443,-0.8763596415519714,-0.32222580909729004,0.17668548226356506,0.012695987708866596,-0.003366396762430668,0.017481034621596336,-0.9997609257698059
1746955746.29494,-0.8750951290130615,-0.32225388288497925,0.18052637577056885,0.009336622431874275,-0.002865661634132266,0.01684119552373886,-0.9998104572296143
1746955746.324629,-0.8743165135383606,-0.32225140929222107,0.18288946151733398,0.010423723608255386,-4.430621993378736e-05,0.014495114795863628,-0.9998406767845154
1746955746.3547668,-0.8736194372177124,-0.3223305642604828,0.1853235810995102,0.01386443804949522,-0.006414369214326143,0.01402368862181902,-0.9997850060462952
1746955746.384718,-0.8730718493461609,-0.3223875164985657,0.18847793340682983,0.006464097648859024,-0.0029444992542266846,0.015852881595492363,-0.9998491406440735
1746955746.4146101,-0.8725289106369019,-0.3222813606262207,0.19206631183624268,0.013149512931704521,-0.0009156683809123933,0.011113372631371021,-0.999851405620575
1746955746.4445944,-0.8722059726715088,-0.3224717676639557,0.19648025929927826,0.015188855119049549,-0.004218162968754768,0.013111314736306667,-0.9997897744178772
1746955746.484614,-0.8721730709075928,-0.3225489854812622,0.19950419664382935,0.011051679961383343,-0.0052120196633040905,0.014629167504608631,-0.9998183250427246
1746955746.5047011,-0.8719144463539124,-0.32239311933517456,0.20392556488513947,0.011619667522609234,0.0009406056487932801,0.015102737583220005,-0.999817967414856
1746955746.5352364,-0.872049868106842,-0.3223925828933716,0.20858287811279297,0.013322685845196247,-0.0027733352035284042,0.013374273665249348,-0.999817967414856
1746955746.5748982,-0.8720842599868774,-0.322299599647522,0.2124681919813156,0.017838170751929283,-0.002334502525627613,0.010597419925034046,-0.9997819662094116
1746955746.5948935,-0.8722537755966187,-0.32235756516456604,0.21677246689796448,0.010393030941486359,-0.0014443763066083193,0.014119276776909828,-0.9998452663421631
1746955746.6348755,-0.8724910020828247,-0.322296142578125,0.2228132039308548,0.015185319818556309,-0.004378808196634054,0.012789950706064701,-0.9997933506965637
1746955746.665067,-0.8729684352874756,-0.3221128582954407,0.22914087772369385,0.014775040559470654,-0.003523818450048566,0.013546970672905445,-0.9997929334640503
1746955746.6948807,-0.8737565875053406,-0.32210639119148254,0.23619434237480164,0.014988417737185955,-0.0019831659737974405,0.01436049398034811,-0.9997826218605042
1746955746.72457,-0.8742948174476624,-0.32208094000816345,0.2417813390493393,0.013629153370857239,-0.0021888024639338255,0.014552378095686436,-0.9997988343238831
1746955746.7465808,-0.8746010661125183,-0.3218563497066498,0.2477504312992096,0.01026917528361082,-0.005340903531759977,0.0163985937833786,-0.999798595905304
1746955746.7646894,-0.8748282194137573,-0.32169777154922485,0.25201237201690674,0.013074672780930996,-0.004791548475623131,0.013322915881872177,-0.9998142719268799
1746955746.7845404,-0.8752906918525696,-0.32141149044036865,0.2564198970794678,0.01594187505543232,-0.0036990640219300985,0.012943899258971214,-0.9997822642326355
1746955746.8145344,-0.8761547803878784,-0.32099443674087524,0.2684776484966278,0.01453511230647564,-0.007509995251893997,0.017249226570129395,-0.9997173547744751
1746955746.8547184,-0.8774954080581665,-0.3209477663040161,0.27891889214515686,0.009877005591988564,-0.00830201618373394,0.016003023833036423,-0.999788761138916
1746955746.8847673,-0.8777912855148315,-0.3205641210079193,0.2877298593521118,0.011767765507102013,-0.007787721231579781,0.016583720222115517,-0.9997629523277283
1746955746.924789,-0.8789590001106262,-0.31985053420066833,0.30738747119903564,0.010704981163144112,-0.0066681900061666965,0.016804907470941544,-0.9997792840003967
1746955746.9550297,-0.879656195640564,-0.3196427822113037,0.31434425711631775,0.015486516989767551,-0.006963064428418875,0.01488877460360527,-0.9997449517250061
1746955746.9850333,-0.8807336688041687,-0.3188791275024414,0.33283549547195435,0.016325632110238075,-0.008605177514255047,0.012625984847545624,-0.999750018119812
1746955747.025236,-0.8818950653076172,-0.3185555338859558,0.34846067428588867,0.015007749199867249,-0.007963805459439754,0.017741141840815544,-0.999698281288147
1746955747.0648758,-0.8826841711997986,-0.317340224981308,0.3692658841609955,0.01280891615897417,-0.005273970775306225,0.01226737815886736,-0.9998288750648499
1746955747.0948777,-0.883615255355835,-0.3167957663536072,0.3865872323513031,0.01257789321243763,-0.007906780578196049,0.012351595796644688,-0.9998133182525635
1746955747.1452942,-0.8848563432693481,-0.31551671028137207,0.4129750728607178,0.01383624691516161,-0.007000755053013563,0.013306236825883389,-0.9997912645339966
1746955747.1951654,-0.8859307169914246,-0.31446024775505066,0.43592503666877747,0.01177078764885664,-0.006096601020544767,0.009645399637520313,-0.999865710735321
1746955747.2251406,-0.8864427804946899,-0.31375768780708313,0.45459020137786865,0.011920607648789883,-0.010095714591443539,0.011668913997709751,-0.9998099207878113
1746955747.2651408,-0.8874781131744385,-0.3127232789993286,0.4783172905445099,0.01239689439535141,-0.005906947888433933,0.007990860380232334,-0.9998737573623657
1746955747.2948084,-0.888164758682251,-0.3119845986366272,0.492755651473999,0.009263532236218452,-0.00997714139521122,0.009963873773813248,-0.9998576641082764
1746955747.3248358,-0.8888204097747803,-0.3109138309955597,0.5172683596611023,0.007034686394035816,-0.003892388893291354,0.0068958234041929245,-0.9999439716339111
1746955747.3548918,-0.8895891308784485,-0.31032928824424744,0.5322481989860535,0.01383155770599842,-0.0091911181807518,0.005506493151187897,-0.9998469352722168
1746955747.3848476,-0.8905306458473206,-0.3096086084842682,0.5519766211509705,0.010642124339938164,-0.010646052658557892,0.004043937660753727,-0.9998785257339478
1746955747.4151003,-0.8911142945289612,-0.3083690404891968,0.5727940201759338,0.014533953741192818,-0.00487553933635354,0.00011079769319621846,-0.9998825192451477
1746955747.4450004,-0.8922308087348938,-0.30795371532440186,0.5931140184402466,0.010640311054885387,-0.0069006565026938915,0.0025802019517868757,-0.9999163150787354
1746955747.4751782,-0.8924323916435242,-0.3071122467517853,0.6091601848602295,0.00992522295564413,-0.007505172863602638,-0.000587188231293112,-0.9999224543571472
1746955747.5054984,-0.8933376669883728,-0.30622684955596924,0.6302737593650818,0.012248603627085686,-0.005062122829258442,-0.006290004588663578,-0.9998924732208252
1746955747.544887,-0.8942346572875977,-0.3057379424571991,0.6462211608886719,0.009365424513816833,-0.011649790219962597,-0.005713708233088255,-0.9998719692230225
1746955747.565002,-0.8944669365882874,-0.30498212575912476,0.6624646782875061,0.010879029519855976,-0.010205387137830257,-0.0028738314285874367,-0.9998846650123596
1746955747.6048913,-0.8958470821380615,-0.3040432929992676,0.6890543699264526,0.008682047948241234,-0.00719578517600894,-0.0034526167437434196,-0.9999305009841919
1746955747.6350722,-0.8964014649391174,-0.3033813238143921,0.7053819894790649,0.011154177598655224,-0.011391118168830872,-0.0033279196359217167,-0.9998673796653748
1746955747.6656506,-0.8972454071044922,-0.30259060859680176,0.7264052629470825,0.015600473619997501,-0.014332844875752926,-0.007085667923092842,-0.9997504949569702
1746955747.695016,-0.8979056477546692,-0.30173206329345703,0.747836709022522,0.010672242380678654,-0.015526548027992249,-0.0057560838758945465,-0.9998059868812561
1746955747.834865,-0.89803147315979,-0.3008604645729065,0.7640388607978821,0.008041301742196083,-0.011350016109645367,-0.006355698220431805,-0.9998831152915955
1746955747.835982,-0.8999506235122681,-0.29873770475387573,0.8210790753364563,0.009623901918530464,-0.021126795560121536,-0.0045584118925035,-0.9997201561927795
1746955747.8550208,-0.900056779384613,-0.29813721776008606,0.8418585062026978,0.007917370647192001,-0.020610416308045387,-0.003407628508284688,-0.9997504353523254
1746955747.8748484,-0.9004238247871399,-0.2975675165653229,0.8569584488868713,0.012426764704287052,-0.023806670680642128,-0.0006873877136968076,-0.999639093875885
1746955747.905055,-0.9006460309028625,-0.2967880070209503,0.8767282962799072,0.013912537135183811,-0.025078358128666878,-0.004132348578423262,-0.9995802044868469
1746955747.9448843,-0.9005354046821594,-0.2961089611053467,0.9018569588661194,0.006169305648654699,-0.022373773157596588,-0.0017422870732843876,-0.9997292160987854
1746955747.9754074,-0.9003766179084778,-0.2956586480140686,0.9170095324516296,0.0030066531617194414,-0.021214740350842476,0.0016654857899993658,-0.9997690320014954
1746955748.0048563,-0.9005125164985657,-0.2952619791030884,0.9365583062171936,0.012426063418388367,-0.024126483127474785,-0.002774816704913974,-0.9996278285980225
1746955748.0350492,-0.8997359275817871,-0.2948245108127594,0.9515037536621094,0.0077615114860236645,-0.02219911478459835,-0.0008431681781075895,-0.9997230768203735
1746955748.0850015,-0.899024248123169,-0.294064462184906,0.9804860353469849,0.004363512620329857,-0.025196276605129242,-0.0015006072353571653,-0.9996718764305115
1746955748.1249151,-0.8980260491371155,-0.29392826557159424,1.0087089538574219,0.010895038023591042,-0.03267455846071243,-0.0011579211568459868,-0.9994059801101685
1746955748.1755352,-0.895799994468689,-0.29331541061401367,1.036428689956665,0.00416448712348938,-0.024829819798469543,0.00037430913653224707,-0.9996829628944397
1746955748.2255025,-0.8945989608764648,-0.29328322410583496,1.0533199310302734,0.004688339773565531,-0.030968712642788887,-0.0013275423552840948,-0.9995085597038269
1746955748.2455673,-0.8937017917633057,-0.29341259598731995,1.0655701160430908,0.008656959980726242,-0.03238311782479286,-0.0012208330444991589,-0.9994372725486755
1746955748.2747312,-0.8910402655601501,-0.29299411177635193,1.082308292388916,-0.0031595865730196238,-0.025016561150550842,0.0008711984264664352,-0.9996816515922546
1746955748.3148496,-0.889037549495697,-0.29328539967536926,1.1007205247879028,0.011126499623060226,-0.03597266972064972,0.001729876734316349,-0.9992894530296326
1746955748.344756,-0.8857517838478088,-0.29303330183029175,1.1151444911956787,0.006177219562232494,-0.029864797368645668,-0.002126242034137249,-0.9995325803756714
1746955748.367268,-0.8844555020332336,-0.293096661567688,1.1219542026519775,0.004407349042594433,-0.03324076533317566,0.003691466059535742,-0.9994309544563293
1746955748.4048958,-0.8814651370048523,-0.29332980513572693,1.1348754167556763,0.008776221424341202,-0.03551090881228447,-0.004326647613197565,-0.999321460723877
1746955748.434877,-0.8765614628791809,-0.29343584179878235,1.1504050493240356,-0.0016346370102837682,-0.031135588884353638,0.006533645559102297,-0.9994924664497375
1746955748.464929,-0.8733466863632202,-0.2937280535697937,1.1612050533294678,0.004087498877197504,-0.03537861630320549,-0.0042253113351762295,-0.999356746673584
1746955748.5050192,-0.8705722689628601,-0.29401645064353943,1.169184684753418,0.0043564047664403915,-0.039587222039699554,-0.0022572455927729607,-0.9992040991783142
1746955748.5249224,-0.8658044338226318,-0.2943327724933624,1.1792962551116943,0.008256413042545319,-0.0327749066054821,-0.0032380009070038795,-0.9994234442710876
1746955748.5549037,-0.8611209392547607,-0.2948361933231354,1.188484787940979,0.007602958008646965,-0.038536977022886276,-0.003921377006918192,-0.999220609664917
1746955748.5848796,-0.8571465611457825,-0.29511934518814087,1.195097804069519,0.006118615157902241,-0.03688758984208107,-0.005397665314376354,-0.9992861747741699
1746955748.6149511,-0.8529350757598877,-0.29535284638404846,1.2014434337615967,0.006711137015372515,-0.030815619975328445,-0.005374190863221884,-0.999488115310669
1746955748.6451383,-0.8474384546279907,-0.2961573004722595,1.2088572978973389,0.007931681349873543,-0.03838721662759781,-0.004712126683443785,-0.9992203712463379
1746955748.6749349,-0.8415166139602661,-0.2965922951698303,1.2156248092651367,0.013412052765488625,-0.043975166976451874,-0.00774347735568881,-0.9989125728607178
1746955748.7149482,-0.8349835276603699,-0.29722192883491516,1.2219438552856445,0.013043446466326714,-0.042125530540943146,-0.00708114355802536,-0.9990020990371704
1746955748.7351356,-0.8293775916099548,-0.2975306808948517,1.226589560508728,0.00747263478115201,-0.03150240704417229,-0.005731857847422361,-0.9994593858718872
1746955748.7745786,-0.8200761079788208,-0.29824838042259216,1.2330024242401123,0.006804211996495724,-0.02994060143828392,-0.004119569901376963,-0.9995200037956238
1746955748.805077,-0.8166941404342651,-0.2986030578613281,1.235036849975586,0.009232896380126476,-0.03787758946418762,-0.0024833756033331156,-0.9992366433143616
1746955748.8349574,-0.8067259192466736,-0.2992357015609741,1.2400633096694946,0.010722178965806961,-0.03699411824345589,-0.0051596579141914845,-0.9992446303367615
1746955748.8649874,-0.8001095056533813,-0.29968175292015076,1.2425072193145752,0.011384814977645874,-0.031203942373394966,-0.0026338037569075823,-0.9994447827339172
1746955748.894961,-0.7913669347763062,-0.30026736855506897,1.2452154159545898,0.008004339411854744,-0.027588173747062683,-0.006439467892050743,-0.9995666146278381
1746955748.9449914,-0.7774950861930847,-0.3011014461517334,1.247605323791504,0.008842776529490948,-0.0350077860057354,-0.002053528092801571,-0.9993458986282349
1746955748.9648783,-0.7730081677436829,-0.3014971911907196,1.2480189800262451,0.006699559278786182,-0.037561237812042236,0.00014451134484261274,-0.9992719292640686
1746955749.0049648,-0.7601447701454163,-0.3021431565284729,1.2488170862197876,0.006954913027584553,-0.03607818856835365,-0.0007388141821138561,-0.9993245601654053
1746955749.0550952,-0.7441847920417786,-0.3029869794845581,1.2481287717819214,0.008763374760746956,-0.03289347141981125,-0.003288683481514454,-0.9994150400161743
1746955749.0849724,-0.7332305312156677,-0.3035427927970886,1.246795415878296,0.010865802876651287,-0.031777024269104004,-0.002881006570532918,-0.9994317889213562
1746955749.1254728,-0.7181942462921143,-0.30400797724723816,1.2445133924484253,0.012135119177401066,-0.029382877051830292,-0.003253772621974349,-0.9994893670082092
1746955749.1552982,-0.7094535827636719,-0.30451589822769165,1.2424176931381226,0.010692561976611614,-0.03640678524971008,-0.00201060576364398,-0.9992778301239014
1746955749.164994,-0.7063942551612854,-0.3044230043888092,1.2418060302734375,0.00907773245126009,-0.03201371058821678,-0.0017285835929214954,-0.9994447827339172
1746955749.1848745,-0.7000765800476074,-0.3046402037143707,1.2403501272201538,0.008877811953425407,-0.02379058673977852,-0.002143816789612174,-0.9996752142906189
1746955749.1951587,-0.6938109993934631,-0.3047843873500824,1.2385520935058594,0.007999707013368607,-0.03154163062572479,-0.002080631209537387,-0.9994683265686035
1746955749.224862,-0.6808860301971436,-0.30519405007362366,1.2345287799835205,0.008374972268939018,-0.035112038254737854,-0.0029559617396444082,-0.9993439316749573
1746955749.2649856,-0.6675490736961365,-0.3054254353046417,1.2303857803344727,0.007272132206708193,-0.026866598054766655,0.001307327882386744,-0.9996117353439331
1746955749.294903,-0.6534943580627441,-0.3056710362434387,1.2252368927001953,0.0069105420261621475,-0.026800869032740593,-0.0019486014498397708,-0.9996150732040405
1746955749.3246696,-0.6432619690895081,-0.3059355914592743,1.2210967540740967,0.008327514864504337,-0.03333703428506851,-0.0025021613109856844,-0.9994063377380371
1746955749.3546255,-0.6252656579017639,-0.306281179189682,1.213450312614441,0.007925114594399929,-0.03657756745815277,-0.0010497174225747585,-0.9992988705635071
1746955749.3845565,-0.6145257353782654,-0.30668920278549194,1.2082581520080566,0.006482635159045458,-0.039254769682884216,0.0018225755775347352,-0.99920654296875
1746955749.4145982,-0.6034345030784607,-0.30706191062927246,1.2026106119155884,0.003904427168890834,-0.04930602386593819,0.00440050195902586,-0.9987663626670837
1746955749.4445784,-0.5881064534187317,-0.30747294425964355,1.1952496767044067,0.003575750859454274,-0.04947148635983467,0.00502418726682663,-0.9987565279006958
1746955749.4750175,-0.5722060799598694,-0.30756503343582153,1.1875683069229126,0.004291309975087643,-0.04660094529390335,0.004757067188620567,-0.9988930225372314
1746955749.5049133,-0.5599384903907776,-0.30778706073760986,1.1818337440490723,0.008520294912159443,-0.037518858909606934,0.0038592498749494553,-0.9992521405220032
1746955749.5450518,-0.5430509448051453,-0.3079345226287842,1.1738057136535645,0.004381068516522646,-0.01924441196024418,0.0012383870780467987,-0.9998044371604919
1746955749.5751276,-0.5312133431434631,-0.30844646692276,1.1671379804611206,0.0005028588348068297,-0.03012416511774063,0.004671220667660236,-0.999535083770752
1746955749.6051595,-0.5151481032371521,-0.3093165159225464,1.1579090356826782,0.005166910123080015,-0.04434727504849434,0.00718478299677372,-0.99897700548172
1746955749.6357088,-0.498134583234787,-0.3098169267177582,1.1490869522094727,0.006334016099572182,-0.03842107206583023,0.007124607916921377,-0.9992162585258484
1746955749.6648204,-0.47639960050582886,-0.31030169129371643,1.1381268501281738,0.0018215130548924208,-0.02779139205813408,0.004628380760550499,-0.999601423740387
1746955749.6949823,-0.46357113122940063,-0.311019629240036,1.1310372352600098,0.0039105662144720554,-0.03066827356815338,0.009135489352047443,-0.9994802474975586
1746955749.8351347,-0.4503265917301178,-0.3115308880805969,1.1241459846496582,0.0007635946967639029,-0.026209883391857147,0.005932362284511328,-0.999638557434082
1746955749.8358114,-0.39807501435279846,-0.31490737199783325,1.0947508811950684,0.006413781549781561,-0.03291014954447746,0.009964157827198505,-0.9993881583213806
1746955749.8447697,-0.38443946838378906,-0.3153957426548004,1.0875489711761475,0.008208813145756721,-0.024240767583251,0.009926733560860157,-0.99962317943573
1746955749.875078,-0.36685487627983093,-0.31676816940307617,1.07723867893219,0.006517397239804268,-0.028154147788882256,0.010684923268854618,-0.9995253086090088
1746955749.9149554,-0.34893378615379333,-0.3176596760749817,1.0672047138214111,0.008591478690505028,-0.02686135470867157,0.007683263160288334,-0.9995726943016052
1746955749.954954,-0.32595106959342957,-0.31911763548851013,1.054758071899414,0.009004236198961735,-0.02762650139629841,0.00840296782553196,-0.9995424747467041
1746955750.0146353,-0.2991676926612854,-0.3210739195346832,1.0389883518218994,0.010071336291730404,-0.0330403596162796,0.007914338260889053,-0.9993720054626465
1746955750.0545232,-0.2715703845024109,-0.3223678171634674,1.0236501693725586,0.01265302486717701,-0.0241249892860651,0.003320317482575774,-0.9996233582496643
1746955750.084807,-0.2575819194316864,-0.3230053782463074,1.0158991813659668,0.010139397345483303,-0.01977585442364216,0.0036811386235058308,-0.9997463226318359
1746955750.1248837,-0.2301650047302246,-0.3243308961391449,1.0004992485046387,0.011794375255703926,-0.026963215321302414,0.007577643729746342,-0.9995381236076355
1746955750.174808,-0.20264814794063568,-0.32565659284591675,0.9851487278938293,0.016233788803219795,-0.0254060085862875,0.002767033874988556,-0.9995415806770325
1746955750.2049198,-0.19332219660282135,-0.3258315920829773,0.980236828327179,0.013592438772320747,-0.022120283916592598,0.001866691280156374,-0.9996611475944519
1746955750.2148879,-0.18396632373332977,-0.3259928226470947,0.9753156304359436,0.01642267219722271,-0.018519774079322815,-0.0011617214186117053,-0.9996929168701172
1746955750.2348552,-0.1743914633989334,-0.32640671730041504,0.9707506895065308,0.01486445777118206,-0.0046793436631560326,-0.0022806129418313503,-0.9998760223388672
1746955750.2448316,-0.16514195501804352,-0.3265502452850342,0.9661146998405457,0.01611999049782753,-0.004280882887542248,-0.0008688371744938195,-0.9998605847358704
1746955750.2649093,-0.15615355968475342,-0.32686129212379456,0.9614320993423462,0.011370017193257809,-0.0020920431707054377,0.001368957688100636,-0.9999322891235352
1746955750.2750416,-0.15153315663337708,-0.3268396854400635,0.9589968323707581,0.01306152530014515,-0.0037790474016219378,0.0009110115352086723,-0.9999071359634399
1746955750.2957978,-0.13808129727840424,-0.32709407806396484,0.9522446393966675,0.015354662202298641,-0.0015568084781989455,-0.0021312267053872347,-0.9998786449432373
1746955750.3248758,-0.12075982242822647,-0.3274313807487488,0.943523108959198,0.02208895795047283,-0.011181441135704517,-0.0038730229716748,-0.9996859431266785
1746955750.364983,-0.10324086993932724,-0.32762983441352844,0.9352226853370667,0.013416599482297897,-0.011436902917921543,9.043937461683527e-05,-0.9998446702957153
1746955750.3760836,-0.09451965987682343,-0.32780152559280396,0.9313919544219971,0.014451664872467518,-0.013201402500271797,0.0028076127637177706,-0.9998045563697815
1746955750.4052856,-0.08161354809999466,-0.3276342749595642,0.9262027740478516,0.010700556449592113,-0.003498601261526346,-0.004375182557851076,-0.9999270439147949
1746955750.4349217,-0.06848763674497604,-0.32775530219078064,0.9209649562835693,0.004549116361886263,-0.00981573760509491,0.009190562181174755,-0.9998992681503296
1746955750.46487,-0.047931235283613205,-0.3273085057735443,0.9128124713897705,0.012568355537950993,-0.012844053097069263,-0.004298267886042595,-0.9998292922973633
1746955750.4948835,-0.039799489080905914,-0.3273165822029114,0.9098436832427979,0.019398432224988937,-0.015275111421942711,-0.001881162985228002,-0.9996933341026306
1746955750.5250201,-0.019253619015216827,-0.3269510567188263,0.9028671383857727,0.010111143812537193,-0.009394974447786808,-0.003405568888410926,-0.9998990297317505
1746955750.5549772,-0.007318729534745216,-0.3270123600959778,0.8987276554107666,0.012620504945516586,-0.00702899694442749,-0.0020602804142981768,-0.9998935461044312
1746955750.584842,0.004595535807311535,-0.3265033960342407,0.8946638703346252,0.010807350277900696,-0.010946575552225113,-0.0009949797531589866,-0.9998812675476074
1746955750.6150334,0.019950129091739655,-0.32613322138786316,0.8892041444778442,0.01365645695477724,-0.017363546416163445,0.0003704286937136203,-0.9997559189796448
1746955750.6549807,0.03935245797038078,-0.3253234326839447,0.8832353949546814,0.009803134948015213,-0.010663791559636593,-0.0022266805171966553,-0.9998925924301147
1746955750.6849997,0.054198604077100754,-0.3249523341655731,0.878343403339386,0.010203124023973942,-0.013180067762732506,-0.0008548215264454484,-0.9998607039451599
1746955750.7150183,0.06522604823112488,-0.32458287477493286,0.8749101161956787,0.01351240836083889,-0.00936585571616888,-0.005315014161169529,-0.9998508095741272
1746955750.7350185,0.07669080793857574,-0.324065625667572,0.8715625405311584,0.008886161260306835,-0.009195048362016678,-0.0012888292549178004,-0.9999174475669861
1746955750.7746809,0.08896379917860031,-0.32394546270370483,0.867859959602356,0.013750110752880573,0.014334229752421379,0.0013480399502441287,-0.9998018741607666
1746955750.807636,0.10018577426671982,-0.3230727016925812,0.8661596775054932,0.022802572697401047,0.05314861983060837,0.01605931483209133,-0.9981970191001892
1746955750.844529,0.1096813902258873,-0.3222979009151459,0.8647680282592773,0.01969817653298378,0.05479211360216141,0.019732309505343437,-0.9981085062026978
1746955750.8645988,0.11553256958723068,-0.3218628466129303,0.8644972443580627,0.01745625026524067,0.050592128187417984,0.01797562837600708,-0.9984050393104553
1746955750.9048488,0.12366185337305069,-0.32027387619018555,0.8664730191230774,0.016656184569001198,0.04265537112951279,0.0247206874191761,-0.9986450672149658
1746955750.9249232,0.12623442709445953,-0.31984397768974304,0.8673729300498962,0.010504361242055893,0.027711857110261917,0.031106509268283844,-0.9990766644477844
1746955750.9549866,0.13147754967212677,-0.3189758062362671,0.8697625994682312,0.007143083494156599,-0.008296044543385506,0.029864737764000893,-0.9994940161705017
1746955750.994793,0.13438837230205536,-0.31841978430747986,0.8714028000831604,0.006411788985133171,-0.028774863108992577,0.025250812992453575,-0.9992464184761047
1746955751.0249996,0.13856233656406403,-0.3173814117908478,0.8733993172645569,0.004217593930661678,-0.04030779376626015,0.025826824828982353,-0.9988446235656738
1746955751.044907,0.14054690301418304,-0.31708478927612305,0.8739833831787109,-0.0012637446634471416,-0.045401252806186676,0.025678353384137154,-0.9986379742622375
1746955751.0648484,0.14357908070087433,-0.3165741562843323,0.8745747804641724,0.005209754686802626,-0.059486549347639084,0.021073127165436745,-0.9979931116104126
1746955751.0749307,0.14595918357372284,-0.3162376880645752,0.874889612197876,0.0031512321438640356,-0.06262622028589249,0.021995147690176964,-0.997789740562439
1746955751.0948484,0.14719955623149872,-0.31603363156318665,0.8750668168067932,0.0019333896925672889,-0.06114543601870537,0.019296063110232353,-0.9979405403137207
1746955751.1050267,0.14985449612140656,-0.31583020091056824,0.8750311732292175,0.0035714434925466776,-0.060999054461717606,0.015762679278850555,-0.9980069398880005
1746955751.1248877,0.15402020514011383,-0.31542056798934937,0.8748877644538879,0.0031062583439052105,-0.06509657949209213,0.013578271493315697,-0.9977818131446838
1746955751.1551325,0.16047047078609467,-0.315096378326416,0.8744189143180847,0.006885655224323273,-0.06272319704294205,0.008809886872768402,-0.997968316078186
1746955751.1850708,0.16414594650268555,-0.3147868812084198,0.8744267821311951,0.007382792420685291,-0.06531067192554474,0.008935283869504929,-0.9977977275848389
1746955751.1951766,0.16800245642662048,-0.31474757194519043,0.874398946762085,0.004792171996086836,-0.060862936079502106,0.01042967475950718,-0.9980801343917847
1746955751.2152855,0.1719052493572235,-0.31461891531944275,0.8742395043373108,0.007834887132048607,-0.058943796902894974,0.006041672546416521,-0.9982123374938965
1746955751.2368577,0.1759641468524933,-0.31461048126220703,0.8741066455841064,0.00924674142152071,-0.061317309737205505,0.005840088240802288,-0.9980584383010864
1746955751.255152,0.18067041039466858,-0.31445544958114624,0.8742455840110779,0.01181077677756548,-0.054984524846076965,0.0043074581772089005,-0.9984080791473389
1746955751.2848766,0.1926288902759552,-0.3146151602268219,0.8741416931152344,0.006688975729048252,-0.053424179553985596,0.002994518494233489,-0.9985450506210327
1746955751.3049228,0.19520622491836548,-0.314645379781723,0.8741822242736816,0.007862523198127747,-0.055144794285297394,0.0010926529066637158,-0.9984468817710876
1746955751.3250973,0.20322325825691223,-0.31476733088493347,0.8740671277046204,0.007299172692000866,-0.05021343007683754,-0.0011955770896747708,-0.998711109161377
1746955751.3448946,0.20849484205245972,-0.31486886739730835,0.8738316297531128,0.0059874276630580425,-0.053102556616067886,-0.0030715952161699533,-0.9985663890838623
1746955751.3653636,0.21440336108207703,-0.31485462188720703,0.8739378452301025,0.005371460225433111,-0.040994949638843536,-0.004548650234937668,-0.9991345405578613
1746955751.366144,0.2200186848640442,-0.3150103688240051,0.8736910820007324,0.005090112332254648,-0.03896548971533775,-0.0006353170610964298,-0.9992274641990662
1746955751.3849185,0.22594785690307617,-0.31508639454841614,0.8736780285835266,0.011780682019889355,-0.02968521974980831,-0.004333714954555035,-0.9994805455207825
1746955751.425433,0.23776374757289886,-0.3154694736003876,0.8732087016105652,0.005467590875923634,-0.02072112448513508,-0.004222435411065817,-0.9997614026069641
1746955751.454976,0.24982596933841705,-0.315995454788208,0.8728275299072266,0.012668821960687637,-0.010979044251143932,-0.009322479367256165,-0.9998160600662231
1746955751.4747927,0.2557934820652008,-0.31635376811027527,0.8723682761192322,0.00794725026935339,-0.008526021614670753,-0.006819713395088911,-0.9999088048934937
1746955751.5047688,0.2648368775844574,-0.3165724277496338,0.8720998167991638,0.011044028215110302,-0.005320417229086161,-0.011777389794588089,-0.9998555183410645
1746955751.5448928,0.27983567118644714,-0.3171499967575073,0.8713440895080566,0.019908461719751358,-0.002228457247838378,-0.013377556577324867,-0.9997098445892334
1746955751.5751443,0.2914370894432068,-0.31783774495124817,0.8705310821533203,0.00888554286211729,-0.0002859278756659478,-0.015064293518662453,-0.9998470544815063
1746955751.6048627,0.3028615117073059,-0.3183211386203766,0.8700953125953674,0.009694908745586872,-0.006506071891635656,-0.01523946039378643,-0.9998157024383545
1746955751.634915,0.3133367896080017,-0.3190261423587799,0.8700692653656006,0.012260462157428265,-0.005955046508461237,-0.018603147938847542,-0.9997340440750122
1746955751.6648924,0.32368120551109314,-0.31958407163619995,0.8704429864883423,0.007751133758574724,0.004234599880874157,-0.016516607254743576,-0.9998246431350708
1746955751.6949396,0.33357173204421997,-0.3203485310077667,0.8705145716667175,0.010825423523783684,0.004743663128465414,-0.019928179681301117,-0.9997315406799316
1746955751.7249107,0.33836451172828674,-0.3207685649394989,0.8702837228775024,0.008783177472651005,0.001891381572932005,-0.01888047344982624,-0.9997813701629639
1746955751.8754718,0.3472791910171509,-0.32141926884651184,0.8700883388519287,0.0072209183126688,-0.007524262182414532,-0.017662527039647102,-0.9997895956039429
1746955751.8769243,0.35377055406570435,-0.3218575716018677,0.8701353669166565,0.011702680960297585,0.0015349026070907712,-0.017946787178516388,-0.9997693300247192
1746955751.877402,0.36166447401046753,-0.32251864671707153,0.8700993061065674,0.009995788335800171,-0.0008533644140698016,-0.01904287561774254,-0.9997683167457581
1746955751.8789847,0.37090662121772766,-0.3231700658798218,0.8701976537704468,0.007882870733737946,0.0028408842626959085,-0.017851242795586586,-0.9998055100440979
1746955751.8848674,0.37568172812461853,-0.323714017868042,0.8701400756835938,0.007146815769374371,0.0023831098806113005,-0.016505228355526924,-0.9998354315757751
1746955751.9148843,0.38154855370521545,-0.32420814037323,0.8701314330101013,0.010009138844907284,0.004690389148890972,-0.020118866115808487,-0.999736487865448
1746955751.9452772,0.38727015256881714,-0.3245534896850586,0.869925320148468,0.008770293556153774,-0.005925965029746294,-0.017287733033299446,-0.999794602394104
1746955751.974968,0.39140745997428894,-0.3248194456100464,0.8689773678779602,0.00960495788604021,-0.012725685723125935,-0.01916537620127201,-0.9996892213821411
1746955752.0049303,0.39566564559936523,-0.3252357840538025,0.8667483329772949,0.000738039321731776,-0.05397868901491165,-0.016041243448853493,-0.9984130263328552
1746955752.0368087,0.40138497948646545,-0.3254326283931732,0.864352822303772,0.013575242832303047,-0.0972297191619873,-0.02135104313492775,-0.9949403405189514
1746955752.065071,0.40539559721946716,-0.32577604055404663,0.8650623559951782,0.005366187077015638,-0.07673845440149307,-0.02254362776875496,-0.9967819452285767
1746955752.115037,0.4115216135978699,-0.3263457119464874,0.8642610311508179,0.010091819800436497,-0.08960011601448059,-0.026728732511401176,-0.9955679774284363
1746955752.1450083,0.4158892333507538,-0.32622504234313965,0.8646163940429688,0.004177703522145748,-0.09218779951334,-0.03349340334534645,-0.9951695203781128
1746955752.195135,0.4221554398536682,-0.3263980448246002,0.8620566129684448,0.011769196018576622,-0.13276709616184235,-0.04262491315603256,-0.990160346031189
1746955752.2449965,0.42726078629493713,-0.32624325156211853,0.8610917925834656,0.008013890124857426,-0.1502762883901596,-0.05083013325929642,-0.9873040318489075
1746955752.2749443,0.4298068881034851,-0.325842946767807,0.8600476980209351,0.013317300006747246,-0.16506610810756683,-0.06282931566238403,-0.9841891527175903
1746955752.3149588,0.43358302116394043,-0.32502591609954834,0.8589504361152649,0.02161695435643196,-0.17681550979614258,-0.08080363273620605,-0.9806833267211914
1746955752.364519,0.4389461874961853,-0.3237672746181488,0.8571778535842896,0.02870521880686283,-0.20125344395637512,-0.10329120606184006,-0.9736550450325012
1746955752.3746223,0.44145655632019043,-0.32299426198005676,0.8559370040893555,0.038476571440696716,-0.2263888567686081,-0.10723385214805603,-0.9673513770103455
1746955752.424791,0.4491243064403534,-0.32011929154396057,0.850744366645813,0.06585725396871567,-0.28559935092926025,-0.1339602917432785,-0.9466522336006165
1746955752.444927,0.4530298113822937,-0.3186439573764801,0.8471012115478516,0.05840534344315529,-0.3250037729740143,-0.14283646643161774,-0.9330376386642456
1746955752.4453409,0.4572690427303314,-0.3172350525856018,0.8424667716026306,0.05350121110677719,-0.3617183268070221,-0.1645055115222931,-0.9160979390144348
1746955752.4849932,0.46811720728874207,-0.31340327858924866,0.830476701259613,0.0229476448148489,-0.44004711508750916,-0.21477952599525452,-0.8716087341308594
1746955752.5148582,0.4782324731349945,-0.30930793285369873,0.8184038996696472,0.005189213436096907,-0.5095139741897583,-0.2710363566875458,-0.8166444301605225
1746955752.5450077,0.4898482859134674,-0.3041492998600006,0.8033453822135925,0.013835277408361435,-0.5145263075828552,-0.34222298860549927,-0.7861009836196899
1746955752.574846,0.5060616135597229,-0.29186734557151794,0.80682373046875,0.2680450975894928,-0.313171923160553,-0.38228607177734375,-0.827002227306366
1746955752.6052492,0.515167236328125,-0.2830238938331604,0.804735541343689,0.41032567620277405,-0.1429053097963333,-0.3936985731124878,-0.8100695013999939
1746955752.6348426,0.5262835621833801,-0.27381765842437744,0.7992396354675293,0.3927214741706848,0.1837528496980667,-0.4555256962776184,-0.7774967551231384
1746955752.6649718,0.5322744250297546,-0.2692795693874359,0.7963932156562805,0.30591723322868347,0.28168120980262756,-0.4981687664985657,-0.7608535885810852
1746955752.6949596,0.5540875196456909,-0.25533515214920044,0.7916374206542969,-0.23535463213920593,0.13800913095474243,-0.679965078830719,-0.680594801902771
1746955752.7348702,0.5648404359817505,-0.24842889606952667,0.7812766432762146,-0.4744769334793091,-0.004896470811218023,-0.6829996705055237,-0.5553009510040283
1746955752.754949,0.5763747096061707,-0.24152402579784393,0.7666292786598206,-0.6372299194335938,-0.17130343616008759,-0.6447635293006897,-0.38584089279174805
1746955752.7848933,0.5894670486450195,-0.2352587729692459,0.7468662858009338,-0.7131418585777283,-0.33844661712646484,-0.5872982144355774,-0.17878292500972748
1746955752.8159401,0.6108953952789307,-0.22579394280910492,0.7109494805335999,-0.6872486472129822,-0.5032411813735962,-0.5170698165893555,0.08412237465381622
1746955752.854567,0.6429654955863953,-0.20868591964244843,0.6503335237503052,-0.4928906261920929,-0.605416476726532,-0.4731486439704895,0.408240407705307
1746955752.8846383,0.6690224409103394,-0.18725498020648956,0.5901427865028381,-0.2899223268032074,-0.5732393264770508,-0.4533909857273102,0.6178821325302124
1746955752.9149208,0.686181366443634,-0.16786016523838043,0.540073037147522,-0.12332415580749512,-0.48176854848861694,-0.4382268786430359,0.7487639784812927
1746955752.9449403,0.7050758600234985,-0.13796888291835785,0.46930044889450073,0.0905831828713417,-0.3061176836490631,-0.389862060546875,0.8637675046920776
1746955752.9749415,0.716227114200592,-0.11609723418951035,0.4140144884586334,0.22839994728565216,-0.12575732171535492,-0.3277139365673065,0.9080871343612671
1746955753.0150015,0.7344464063644409,-0.08276109397411346,0.32072919607162476,0.3152499794960022,0.20542697608470917,-0.22152718901634216,0.8996349573135376
1746955753.0352967,0.742250382900238,-0.07187725603580475,0.2823391556739807,0.3250912129878998,0.32078027725219727,-0.16553960740566254,0.874078094959259
1746955753.0648906,0.7619022727012634,-0.053246721625328064,0.20141467452049255,0.26507630944252014,0.4883089065551758,-0.05507618933916092,0.8296117186546326
1746955753.0848691,0.773989200592041,-0.04538824036717415,0.15933528542518616,0.19567464292049408,0.5450772047042847,-0.0032385457307100296,0.8152251243591309
1746955753.0956073,0.7880943417549133,-0.038263238966464996,0.11602360010147095,0.13538038730621338,0.5680153965950012,0.0411752313375473,0.8107622265815735
